name,empty_load,average_payload,full_load,0,500,1000,1500,2000,2500,3000,3500,4000,4500,5000,5500,6000,6500,7000,7500,8000,8500,9000,9500,10000,10500,11000,11500,12000,12500,13000,13500,14000,14500,15000,15500,16000,16500,17000,17500,18000,18500,19000,19500,20000,20500,21000,21500,22000,22500,23000,23500,24000,24500,25000,25500,26000,26500,27000,27500,28000,28500,29000,29500,30000,30500,31000,31500,32000,32500,33000,33500,34000,34500,35000,35500,36000,36500,37000,37500,38000,38500,39000,39500,40000,40500,41000,41500,42000,42500,43000,43500,44000,44500,45000,45500,46000,46500,47000,47500,48000,48500,49000,49500,50000,50500,51000,51500,52000,52500,53000,53500,54000,54500,55000,55500,56000,56500,57000,57500,58000,58500,59000,59500,60000,60500,61000,61500,62000,62500,63000,63500,64000,64500,65000,65500,66000,66500,67000,67500,68000,68500,69000,69500,70000,70500,71000,71500,72000,72500,73000,73500,74000,74500,75000,75500,76000,76500,77000,77500,78000,78500,79000,79500,80000,80500,81000,81500,82000,82500,83000,83500,84000,84500,85000,85500,86000,86500,87000,87500,88000,88500,89000,89500,90000,90500,91000,91500,92000,92500,93000,93500,94000,94500,95000,95500,96000,96500,97000,97500,98000,98500,99000,99500
17_10_100100_,36661.53073648591,19326.697514182764,71943.25932809421,5.164357586175873e-38,1.1217038174392705e-32,8.971640997624135e-28,2.643807090939218e-23,2.8728151368863277e-19,1.1525137957444348e-15,1.7102351209252219e-12,9.41303199320207e-10,1.9291738058688767e-07,1.480163124412823e-05,0.0004280736857859032,0.0047036188558672865,0.019789872543306768,0.03207169749105014,0.020065905785708573,0.00486941916548563,0.0011366725151793426,0.005278756809574306,0.01570291289817991,0.024059714323227975,0.03868950013214104,0.08045751270894742,0.12971109615943172,0.12791530795796993,0.11075278286391281,0.10550757408272747,0.11682190937804121,0.15993002909821316,0.1868352075122872,0.18746687300003723,0.18736574220035057,0.18481457218092248,0.20224453297158368,0.21797410016065427,0.2504691920658097,0.306983296063076,0.2907938160804094,0.2364325101081668,0.2446460448722852,0.2544343091141342,0.2352958964369329,0.22094714339723293,0.21439064735512353,0.30690914872733105,0.48443497273318953,0.5805491609694584,0.620149148518367,0.7083190547328998,0.7642157503327982,0.8339276308200425,1.0638088993565398,1.5025976653094897,1.901151963794438,2.1226518184678356,2.563879844945832,3.2665939995051443,3.894368028968038,4.396590179086292,4.864815974137661,5.393614085045726,5.885882636464211,6.148081482189014,6.437449927920417,7.25329710272408,8.308603640457006,9.086324497937776,9.552230677131307,9.885853688059504,10.079591127386038,10.40454329519434,11.034796055887512,11.357358717881809,11.40109520214438,11.845253955760453,12.414428617149241,12.60219098792912,12.527085188337313,12.230530674916976,11.584091757303419,10.899917855211694,10.349959604229783,10.022409863309337,9.84233972007566,9.571832467982798,9.083734074533707,8.634614637038743,8.274195127102676,7.982369682960737,7.789243144679304,7.634214714050513,7.302693741086151,6.877408681610193,6.859149484815529,7.180534741754618,7.376437381694096,7.269189643817769,7.233760610589923,7.370183343892426,7.364951926096647,7.233457443043754,7.204906071485987,7.173330747848749,6.976812481606508,6.8178357344293925,6.968435999071282,7.293258244358449,7.367066590427124,7.177645353839999,6.905114658304128,6.444523715179019,6.039097472872676,5.838639133528387,5.582912489100099,5.466042645053315,5.5692178484102595,5.775197885320811,5.888541688370343,5.7082387531147925,5.684585551138385,6.007881900301627,6.2353722942304115,6.271594431526308,6.302055350342993,6.518280545899692,6.991259118681107,7.545997482571526,8.031111874455007,8.408755495256164,8.726896474970825,9.079378853855511,9.467047538968592,9.80119150614758,10.445332870891766,11.450079598205773,12.160842034713925,12.579976143557142,12.763391412650886,12.89314673803577,13.036352234902182,13.27512249320296,13.52163907788636,13.517520246953936,13.664832497061328,13.863283387389696,14.037101059016143,13.993809514164056,13.585908243378126,12.907883622272468,12.291031281955277,11.795722062221403,11.454138890642323,11.327913102731719,10.983725492970247,10.30790992230346,9.557837287340963,8.728303386919062,8.02252398720776,7.5447349126852945,7.145634191435978,6.6359260172761685,6.118759219225875,5.749195665601974,5.308585472608773,4.615078413971652,3.9049117033210528,3.486960902980823,3.257296031912247,2.9343120977355173,2.597543420119232,2.2068554613073332,1.8076760394853393,1.5477359398881612,1.429888362997643,1.2910148964957942,1.0910562009146088,0.8982063569944354,0.6889911940952242,0.5201276378891552,0.4715428035508324,0.43895783070194716,0.407501720703871,0.3889663129405479,0.34851649705279303,0.2884611338714213,0.19787351446239504,0.15488340377527632,0.1578811024224576,0.15395305485153452,0.12920654686361405,0.10547860855393447,0.08293415712439317,0.05439441488271969,0.051386391530567295,0.06915649121413699,0.09240069724612748,0.1018836831240989,0.089079913134765,0.06281644906350009,0.03784522305620766,0.021971708422458144
17_10_100100_,34423.02412839244,18985.54896681186,73838.68057270179,2.2890112533373788e-20,1.458569672543735e-16,3.420419990083383e-13,2.9535281293844883e-10,9.403297087352876e-08,1.1072630593528133e-05,0.0004857651504309992,0.008071700711937229,0.05259792667673606,0.14446599352471262,0.2076382902904532,0.30347757740066966,0.5435486953940775,0.7113507952709468,0.6744145911024498,0.5648977567420093,0.5591251441357963,0.6971196075378022,0.7006470138943537,0.5137304533516768,0.47414214468832283,0.6474616946214016,0.8811087852979691,1.038103962639262,0.9576631284626181,0.8049708916195227,0.727074966084147,0.8366797907925051,0.9569832938752733,0.9247997016887207,0.8216578234475215,0.9106348099861492,1.1792222102024594,1.444779982857848,1.5852370886670821,1.522191519809713,1.4943495410992493,1.6398845880135469,1.7270196872403172,1.4944208713890696,1.1535633830208518,0.9714094863577479,1.2890454178816817,1.8104683322036268,1.9741328354548933,2.145900578858108,2.3805296778929597,2.3041322151820105,2.002943680604437,2.245270186767083,3.102543532514848,3.8657597128167653,4.483326055095731,5.03761886125201,5.868428176270926,7.034833712982693,7.446195068347765,7.818361436388128,9.041094427166893,10.339142085627776,10.836477269571258,10.551932296738324,10.686540200916285,11.410733540057308,11.614958428159156,11.069158593678909,11.213313454065444,11.89037414384792,11.758684689493583,11.414694511717858,11.169756829961264,10.899573955241644,10.724135807265357,10.59367734105614,10.755312134787234,10.677723047275862,10.499844999349417,10.86936178630814,10.632636412281524,9.009363961831419,7.651156979931214,7.673733433969971,8.852262779427766,9.858041231348365,10.167749808940401,9.552256673524544,8.38501896997806,7.858086176313129,8.102151981780903,7.725150047366254,7.082378642161918,7.00383270255614,7.129439474391928,7.396827655778288,6.990659301098345,6.090898963762347,5.920609420125487,5.79197528037471,5.336205441993429,5.59936449494369,6.518552821566113,7.026699609831606,7.214129136589845,6.91385785730217,6.132852559212707,5.917094126473754,6.541642342739003,6.633131662239619,5.690687776870351,4.899197920976816,4.740488024144839,5.014062969832873,5.662973754384839,5.747811312789505,5.418583085717141,5.199892595903278,4.989787736368475,4.771802331232684,5.071830578006837,5.687301984992477,6.069444126132556,6.111233667259817,5.786749559600822,5.5536789358353,5.846416672345175,6.168231343053412,6.395947054342783,6.303842995086029,6.22043548667355,6.412151709565326,6.673035845105619,7.095608084758939,7.395636587633419,8.109274301742248,9.38115704390681,9.416207589987097,8.098182777471473,7.781362220548226,8.404745740874763,9.062330572265779,9.529985344523213,9.682809193735265,9.45714824315304,8.710893735601283,8.1336828814647,8.451521674831826,8.946908774422818,9.61792654619524,10.059117256285981,9.752655746973463,9.021958398156997,8.494881765775778,8.35199637364756,8.42094908873852,8.63822954659541,8.112065313261457,6.824160588335864,5.960624402942228,6.12584497141561,6.323797318421017,5.838030849414812,5.707416972112579,6.124571235396358,6.175059235342595,6.268133383113911,6.202059055695516,5.182180969034218,4.011971162096814,3.4650329282246877,3.290835500139972,3.1741847619923615,2.94340941202296,2.6379868190032365,2.7663893375990307,2.7692993598221634,2.3775631622330295,1.9412552755142976,1.7055661012361232,1.7401214186058063,1.6949142980409528,1.5903132201947963,1.5279461940370875,1.3244591046123793,1.1130592732305291,1.0159025928589502,1.0702035612655045,1.0859580455463682,0.9714850606518407,0.9492431072656313,0.8789211388969089,0.7378671256694749,0.7309034013742227,0.8334403595209234,0.862974160948083,0.8701764928184719,0.9717660536479316,0.858248165406008,0.5836686484129898,0.42516195295161585,0.3763907515236572
17_10_100200_,30834.171659638432,20423.882394710665,71766.4001151775,0.0003123648189728531,0.002197529847175077,0.009789634256739961,0.033616810490156926,0.0760312579804811,0.1181754581000383,0.1566723893793792,0.2092338734586135,0.25924357552226046,0.28720433789638505,0.3117007429358766,0.3247957981640325,0.333164731313829,0.3441774897029265,0.358537315558555,0.36550075167154844,0.3895587063724522,0.44268031506572736,0.4795475782198341,0.48769444226724434,0.49194645177973895,0.5261059672512465,0.5894389294073131,0.6560326523172839,0.7086765259249748,0.7496331748774473,0.8021894805101466,0.8371573215206559,0.8397195263597911,0.8519818816282003,0.8871398590309416,0.9475915036062944,1.0527777243831205,1.1538247001354387,1.2067031774619335,1.2589961043637958,1.3994814316443152,1.629934059651645,1.854076299277651,2.069560685168066,2.3920425550725626,2.901616441515615,3.426178278469034,3.85265824400125,4.401775424717869,5.066979787397106,5.599089850575768,6.023895270784725,6.506225336587942,6.990671475286456,7.336812737743158,7.639744730954942,8.121402020970635,8.712939448281197,9.13301512594308,9.435103881742775,9.749183374420296,9.946032453891469,10.13484626909806,10.453146388823548,10.827770097240512,11.055635626774329,10.985689199260952,10.779441067078299,10.672259022945891,10.59614487478041,10.350163877874772,10.027305367897114,9.657683324880765,9.238194273887808,8.999857392251089,8.881226505896244,8.574452509095687,8.155236280146179,7.872894826262381,7.683274590527781,7.540206505430157,7.461100065570687,7.295562576625381,7.103293426563882,7.047530532025374,7.034326980273296,7.081866193325372,7.293582109046884,7.5354390702369685,7.4843181704613855,7.311205864251778,7.31585847757395,7.400223992400849,7.42882112783408,7.377631706668189,7.389235632113861,7.5232492786387635,7.575179967993519,7.533603691974884,7.493247441136243,7.390594711280077,7.28286943062802,7.220028694080004,7.130288764151751,7.065823184090497,6.953846853112496,6.744375113008664,6.523046795944289,6.432545183558483,6.392803771595186,6.346261163360441,6.407163049611033,6.4844904384900826,6.440724381445195,6.328551342449611,6.218342924877789,6.183914415756897,6.254280752667306,6.391966354619983,6.533637277410158,6.694312914577157,6.970437238853393,7.191681424701048,7.2944473162031445,7.376087485730685,7.528586476429308,7.659199180463125,7.718510717011824,7.85828937591784,8.174660971820375,8.448165808098578,8.508155034233681,8.520797879986505,8.612380769855298,8.767381337325205,8.970694845253961,9.119627067975237,9.188302234912646,9.250643788844071,9.28819654559564,9.260444246391856,9.181922754930584,9.06562231668644,8.978160984528184,8.899131444146304,8.813876279544495,8.70875362954768,8.455638253008944,8.098859357437949,7.919170908371164,7.822632670333009,7.715625055493795,7.524570060586668,7.209877350148219,6.924147523440584,6.660313294951017,6.404631618714574,6.192246768175335,5.997484349034273,5.772685617700553,5.405521359111813,5.062610083309472,4.779574672167107,4.5124906828266615,4.340146810576384,4.151145006388122,3.896286415620447,3.6679552702411176,3.4916505912704787,3.3474904174791464,3.192008145243935,2.9729045199181767,2.689167727003193,2.4524710783144457,2.3376520868220236,2.243031735375469,2.06026590747347,1.8559689927517249,1.6890380957569666,1.5626165704400403,1.460849041136322,1.4045923351661755,1.3630703037321865,1.2859450974561653,1.2008744283457655,1.1101248560698962,0.9931172047683358,0.8733651887780686,0.7791158430470643,0.7103439530952359,0.6846555324163922,0.6766339152419174,0.635330650850747,0.5833771213676882,0.5399414859275012,0.5135180018410738,0.49470350840670263,0.44227999315064076,0.39128260887573624,0.38939967628069344,0.3979139823283918,0.35915847628035824,0.31682223326175624,0.3028075924415149
17_10_100200_,31935.747576027643,15664.714755575209,71021.7825347962,0.0025820864265389608,0.016659834698374405,0.04997196869037204,0.09040393263713083,0.1296274587086051,0.15831744574668719,0.1585833056075394,0.13906311982532474,0.12346438266215688,0.12581028684844325,0.14446157724324904,0.1746909163907486,0.20165513188204284,0.20804071865290372,0.1979524104438938,0.2080815201436603,0.22443688279155133,0.23110339520480563,0.2533934308479013,0.29536192458154675,0.3330699449773537,0.37871948962635904,0.43411924457196227,0.46874935454382394,0.4995200561044522,0.5720600069992746,0.6253038313429403,0.6505322684713498,0.6907098502453504,0.7026905857545951,0.700394564573878,0.6995239711559038,0.6694178392082012,0.6600778100048007,0.6769989666315722,0.6537210438469258,0.5903874819036966,0.5848869506313574,0.6688111393011431,0.7701288391979139,0.8535341273047792,0.98340891824577,1.1332299370131202,1.3328870860000006,1.6833344211679342,2.1417447326733323,2.6179532063726647,3.145294393441585,3.8365887108717085,4.729903680945235,5.839440119731576,7.100379832454463,8.428825598613077,9.974392940133876,11.80635216038314,13.778484786903705,15.889849200850389,18.19581997582547,20.28869106817974,21.827022817022794,22.75838641209458,23.049858604947964,22.6137190420026,21.97877859234329,21.29542321109734,20.29262859167442,19.068319677724073,17.795421070708194,16.472671555607832,15.200496344524678,14.141868561796107,13.211433464473856,12.192681681247812,11.170457911244604,10.320627279007157,9.690241845077079,9.208207462440445,8.79511990414278,8.33852395909409,7.848718792397523,7.540682769156147,7.412143307138698,7.28529427978072,7.130115251273698,6.8996120178227525,6.514982497992312,6.095335659889013,5.8521375668245,5.772867444904868,5.728280044241649,5.677693109419801,5.553969113945355,5.3698614053618545,5.290657809305226,5.251798892003081,5.162852263563024,5.05169065245359,4.91415720201101,4.744191347444566,4.622374922217524,4.533801798144895,4.536748188082515,4.72677252684684,4.7741624105042835,4.604351697020337,4.504885952101738,4.405407832523859,4.282409348497624,4.270890159827578,4.342005816247203,4.331370378882684,4.285254750035113,4.4469635070800715,4.6763211131574804,4.730632824540866,4.720037778837197,4.797598077086246,4.898902998001431,4.898501957645002,5.027011144446762,5.288899871223313,5.4218064981367124,5.523833041314605,5.64977507506076,5.751827305977092,5.904531523290974,6.196401063350075,6.53935005539799,6.855234392006578,7.130169227267799,7.352911134260916,7.498036078314333,7.686814955545409,7.881601781378853,8.046437815174796,8.304222202121455,8.543531308127431,8.576107449698583,8.41621843541016,8.248694683806304,8.26668532773906,8.3298116841764,8.252858172610487,8.145498026781018,8.0243648901606,7.7327129629958975,7.4046305472639675,7.205887164880763,7.099736395398126,6.917235358521912,6.639917365786692,6.341509559888478,6.081940806518078,5.898271005951186,5.591428920959741,5.201782546876047,4.853635327563761,4.452215105337129,4.1223247889830015,3.9165133866760784,3.6872661545872405,3.41250079754988,3.120208046290983,2.8606713377142596,2.6130846916436483,2.3625804414183182,2.15110469350416,2.0054271265346033,1.868254753778651,1.7065592535200218,1.5553798333302862,1.3989816996851567,1.2921545647443566,1.2747896683462745,1.2135144618273634,1.1077122545024527,1.0125917635099158,0.8913332260964133,0.7515044864448843,0.6692769025755209,0.6500662866336403,0.6041640841981004,0.534537489243121,0.47079908839145057,0.40063229824207763,0.34449094440719374,0.3217154941489118,0.30865758971750984,0.27657654857070085,0.25285876624025916,0.24050892714358468,0.20394446940261374,0.1754039886248137,0.18122515448079732,0.18268058016878247,0.18587262135441462,0.18071729688420404,0.14632622173158147,0.11628627497710037,0.11334201273624069
17_10_101201_,32691.657120874217,8633.070093902485,70396.3224800002,3.1006737392244766e-05,0.000641856641377791,0.004968842711272876,0.01593139105565575,0.03534094808644753,0.0918827550945321,0.16883063715204188,0.1881916622183611,0.17587195375391254,0.17699607921361452,0.20767508763023734,0.23900602854854122,0.23948897195050908,0.241996453557039,0.2675136112777469,0.2905259992682775,0.2877708800413356,0.26170307261300746,0.2852216228785203,0.3389034646732185,0.3840841519935363,0.48651541418712424,0.6050010066467134,0.7552661712645145,0.857955635305789,0.842783840089929,0.8404467611291415,0.9210017348632409,1.0169834283230068,1.1034024434224698,1.2219897747606003,1.265873938941665,1.243987676868743,1.247708460695915,1.283364147203409,1.3085649369714927,1.3205093608056484,1.3003510340476967,1.3786641236348927,1.5322151221501437,1.6379451967367071,1.8667690223005402,2.1635623782179345,2.4295438115537893,2.8150424695938634,3.2394071744218285,3.5774344082203005,4.1415173253624795,5.107295061817429,6.1352449343550575,7.307974837582809,8.568058937588718,9.569708141942435,10.439197324859556,11.419216467120869,12.519364612447628,13.797828390999953,15.134775658094615,16.30522322129941,17.561762945881107,18.654357342654052,19.27806045627439,19.637733394670935,20.304970438037802,21.156257892959296,21.707718033347106,22.002725936104564,21.989155595049013,21.83975961028512,21.95857085330885,22.37799104242076,22.607752360645264,22.31178398752945,21.699474346658228,20.742896687783404,20.045234267148384,19.67546435613186,18.9920959527862,18.19396122197043,17.536472160364145,16.931028075232703,16.102203429965723,15.125409977058531,14.088865192231905,13.03807067205818,12.21859574203796,11.543561852440483,10.715430041294,10.02524555586534,9.711269389517547,9.213521911405381,8.412162938333168,8.030756277901254,7.913251705016575,7.501215413434732,6.945058576215241,6.501944011742387,5.963270484014402,5.551103347426463,5.357208048828401,5.257056670248857,5.222837985670885,5.006809889997366,4.56480791454359,4.158132682789227,3.9467317750306936,3.8187267279110455,3.6973956935806758,3.702168342021945,3.6511726654565764,3.274823628250367,3.0274967999344913,3.095172155409191,3.252512163215315,3.343663088693609,3.3285712674564834,3.231134178439054,3.0681858129396002,2.9228461071769543,2.848731505720039,2.8580807740368877,2.823634818246,2.7452168617267096,2.726475431306703,2.742533379811805,2.742185669798192,2.750898874795807,2.7184590000125763,2.6223702588150726,2.655979592522439,2.7781113430230553,2.798965101854925,2.8037102707477746,2.865451707246587,2.7211020640905303,2.4481599099066313,2.4471455410784007,2.7968625510135943,3.0489372664139953,2.9915552041570197,2.9870181524518093,2.9896419029497823,3.051941932855337,3.1049177338184015,2.904603053209378,2.6933585684236845,2.6682380768391303,2.613175572428047,2.4294700660242534,2.2265428706415906,2.1285718653687518,2.260892548749684,2.3597779166938295,2.1948033507820255,1.9968441462333537,1.9081343537165945,1.814448120303871,1.8331732117876607,1.970175619163983,2.025937368770944,1.935609372130585,1.8056441627289734,1.6578504684416464,1.4453058665523968,1.2930515857176619,1.2987988342746666,1.3940370209453383,1.4033808376838917,1.1780785864476395,1.0063569064506412,0.9984455873611371,0.9514860225737427,0.8440916076692583,0.7776128239887747,0.7151576866199563,0.6750783047175948,0.614795349108329,0.5023154471031008,0.4987711833264473,0.6194589920816685,0.6454801605731496,0.5846201497391422,0.6295189201383021,0.6442156847553723,0.551214820067121,0.5047023809416313,0.485594176438832,0.41550910182894213,0.3429335647460028,0.28989304585823616,0.22032921432707295,0.1963552514152248,0.217008338565694,0.20771067248492667,0.20567005431321486,0.21533521235786018,0.1813706576912679,0.14449367289243206,0.14102072170047772,0.1215760599831565
17_10_101201_,36075.44886997763,17854.33274673559,73645.87830748358,6.228193214177598e-05,0.0017147894069285629,0.019536970511502202,0.09626561402352683,0.2166302952182416,0.24848988101757544,0.20335204931174272,0.16439857648922862,0.13377841952847794,0.14484015984650989,0.18019652722357535,0.21157970163769083,0.24868983861683427,0.285742821977287,0.28702330811598187,0.29414261622239624,0.3478227593056422,0.39577544036401335,0.3817381443794923,0.38170321748957275,0.46711088430113523,0.539673319530707,0.5069306549369076,0.419912492177632,0.3586783879631662,0.3697219506132375,0.4545795629284558,0.5663174722100403,0.6489366059864059,0.7258813025202889,0.8119903016294869,0.8160207214520809,0.8114939257170941,0.9166462650465248,0.9934914785438743,0.9626300437567075,0.9104503874171205,0.9655508137361443,1.075052505660252,1.1200544233099,1.09849313830759,1.049743140306329,1.0743309083691175,1.1609111180745915,1.2502070260688383,1.375045812176185,1.5435583694963242,1.7699931857474014,2.047248573321915,2.1737789977414903,2.1688186230139586,2.27875460117398,2.5064504114709423,2.855407861499318,3.1971100127005267,3.5342007373571875,4.054839157668224,4.4503202694044655,4.704029494653746,5.293486772596503,6.146612723415786,6.810024370213462,7.1643394838403776,7.339171616223598,7.392485713643129,7.489066184142717,7.95213541987511,8.509182047117418,8.808952741318887,8.871903926505519,8.795773636803416,8.889929451310959,9.094401936452547,9.21429913090202,9.430320688525732,9.8826518658258,10.298594129684059,10.44270345963491,10.348119078621416,10.038641847364804,9.706436904205129,9.650144391011281,9.77870481314893,10.056923308032683,10.476637562357702,10.722857124931432,10.372361274935388,9.958330596073777,9.878182665408588,9.853749203195246,9.740493927809505,9.581865029485657,9.764158595292315,10.024870172828834,9.932674577509081,9.60051248693017,9.282411206093766,9.12500678376549,9.103909026808035,9.051185831714623,9.003889835826875,9.232732280270827,9.44076732344679,9.262232854870373,8.822370814954603,8.608105538780427,8.767368432528345,8.796791903075569,8.577082406763724,8.417113084758205,8.52791192643868,8.855820517225586,8.773221033328442,8.108008855754685,7.685850907412955,7.898185186262535,8.158984839528332,8.094286646554501,8.078093315279316,8.443993261265097,8.956085187359847,9.264327809863547,9.280138235847378,9.246644689373822,9.424362500958003,9.473485313494487,8.904775358422643,8.56246609785814,8.697483428591019,8.797821274367754,8.940972788028883,9.154775176648583,9.150107309012864,8.786103280451325,8.467610876796055,8.456305355711288,8.60251006663899,8.77803915309726,8.941546624671266,9.121400023415898,9.078994132374543,8.720256049781455,8.423636472335385,8.414758828628718,8.376658461242213,8.15503828026398,8.211065151575843,8.301416129985093,8.077917349465025,7.924682133062327,7.725868625126543,7.162213594472299,6.713888970846454,6.637832672507046,6.35519863035693,5.820070315039712,5.616525058715739,5.818675487123492,5.642245958252991,5.114331105881855,4.864996992878184,4.783563837604264,4.525837464033685,4.113853537455511,3.8123261993450392,3.587780678288207,3.3978334699477584,3.2050572551748573,3.0904242128747774,3.0499965984400723,2.878068278619019,2.556292786137202,2.16382221085697,1.8116438114512752,1.6583219373650777,1.6567501165858634,1.5542367797628205,1.4093265809474858,1.3002204369060906,1.1372621517802766,1.0350440671588244,0.98259271063168,0.9151413146245433,0.8518718758356207,0.7195734095167051,0.6092750187193866,0.5946075468223933,0.5866117324084282,0.509059851334713,0.4514508179354007,0.45193254387869025,0.4214026925476123,0.38072853851431887,0.3176003790601376,0.22250528012160983,0.15462763223379924,0.13472218219440166,0.13517294110090466,0.13278815164363533,0.13257099912657117
17_10_104002_,28491.58925486796,15704.262886520683,75017.27037473231,0.007189448394002994,0.04754915700616843,0.15127507634476364,0.3030350669625294,0.5305728425333242,0.9010340468100104,1.2644665781352469,1.4255424572553603,1.2742404320317997,0.959454030304714,0.769747927187503,0.6036515713495145,0.409642071539844,0.41987747274409165,0.4657149185730523,0.5030818036238787,0.6661396344093717,0.6744206136031743,0.5665573586208963,0.6619874403251222,0.8323413812479019,0.9347679383138421,1.019061820184591,0.9417334497295438,0.6082179746387095,0.39451892046599246,0.6192276664609746,1.014522414621621,1.38989538211791,1.660222065589011,1.7093521659942472,1.7283216276592632,1.7512262055730539,1.8619483492538562,2.0848212523675165,2.385105016920243,3.1214580390798807,4.346941163777458,5.003315843739966,4.84257668760394,4.755387158332914,5.080902229975322,5.128106677368763,5.0145389942812155,5.31496071410001,5.644298083443524,6.105879669434095,6.888456126209886,7.128324071629979,7.020821867568757,7.382230163041402,8.335646731895485,9.063432506469605,8.98852492777737,9.121741818438446,9.98783122946205,10.765915650565043,10.463592331827607,10.223092886111795,10.870091956066263,11.8105216855622,12.454982087507826,12.25261747380795,11.887562789699185,11.988278028273603,12.939765752468972,13.943260055043094,13.673692819375027,12.884140070911029,12.569842203518583,12.853448337428018,13.128744983170549,12.647759347400777,12.366672757855653,12.766276891377927,12.98677056531822,13.295101073159747,13.34858365113198,12.970867948082242,12.743023681277947,12.436750558515179,12.351218534093837,12.718431840003102,12.972686277114779,13.110916903984867,13.572748149145479,13.96399764047209,13.572004331399544,12.480904440434866,11.373101728388383,10.837301016459367,10.809928668304684,10.97154263040125,11.768342998911086,12.14608214956921,11.382798780358012,10.757287881832813,10.563407616982982,9.989922599751798,9.289176087733493,8.944446045943431,8.774144040555514,8.548232557257899,8.248555214459088,8.019191524608031,7.7829618754345145,7.1438722959065455,6.509064961273035,6.447519788125032,6.274292845460321,5.990827332709278,5.884489515778724,5.625946864546778,5.32251208647745,5.245372383716055,5.279641760394781,5.3613583598398185,5.39438023641253,5.314289651635313,5.27359269613267,5.127020606099414,4.757616580647335,4.573998608992989,4.704637342925148,4.883086847012981,5.195035449164643,5.089311101828212,4.694042774166109,4.58682696103368,4.250135136243492,3.955684318657276,4.26141514100135,4.718320061643345,4.525137652723268,4.119405304784485,4.061420461020876,3.834303462626413,3.562633838364921,3.46172438467338,3.271634688952915,3.128812029941818,3.0092760455050946,2.9063459800946188,2.8455000439183586,2.7700351365131017,2.7644762675578676,2.838594924927172,2.700915707101361,2.3737992644460717,2.1821924904911096,2.1261671914857456,2.0825748110055766,1.9482958324201582,1.9213800143944448,2.021120106927083,1.9093066484358996,1.8478718523047981,1.7395352435098619,1.5964476664454332,1.9810200207338509,2.3048115817485777,1.8937778831772052,1.4833676209334676,1.3189454515172956,1.2936884787745646,1.3728356271728241,1.4250307271975065,1.4101770183466953,1.4221195552093522,1.3373737386178928,1.2302362552459782,1.103000718096243,0.9332934503614619,0.8525126572737863,0.7326280720401296,0.6948818846529302,0.858883566403071,1.0388607897929572,1.0543168713798325,0.9834859206410688,1.064298412144346,1.1653928017156516,1.06693005424887,0.91967645650323,0.7994688704489388,0.7331405886364039,0.7764726535669882,0.7881467094505898,0.6983430364874648,0.6500400211695818,0.6471355511977146,0.6186436885606726,0.44485306481324227,0.2965757382972698,0.2831944228067766,0.31716154421989806,0.3511610315909243,0.44037750348570837,0.4570091100236883,0.30700669133955216
17_10_104002_,1694.3571451613086,26805.355305916444,73719.69945629504,3.281938939373027,21.56481005026369,59.61760469865898,78.50579937558331,61.13422390429549,36.38309678511782,20.133110659367787,12.443743740338567,9.207485654251698,7.286667620793164,5.631658116643466,4.132305689051069,2.9665370443589536,2.1424407638169134,1.739773271784536,1.4957218890644772,1.1771383512590134,0.9960049480798576,0.8537705003038588,0.667676822243872,0.7300094100083693,0.9142280373998269,0.9670667381360613,1.1452675053281032,1.6957564600886177,2.3553617129271625,2.804153334807364,3.4174730243182445,4.266075228124497,4.818917280467078,5.303199810894161,6.168945770430168,7.011150245584599,7.830686120240495,8.510395450312807,8.345508464298558,7.525429466365819,6.854588594574668,6.276348821239397,6.074246196591909,6.257954604177007,5.98770432822976,5.368002012729811,5.046616897442795,5.000630283686103,4.67017587719097,4.323469559250888,4.644249991297554,5.191359348035403,5.461999111768848,5.880404262811261,6.036432075803055,6.032526499822985,6.871166212481675,7.760259923468307,7.6384533588855374,7.3076006034689565,7.57939903734051,7.783358609084883,7.685942064392184,7.686081983105118,7.837100622024583,8.00734134623362,8.33284229944492,8.68411668130108,9.041907285771021,9.301140637907881,9.226412382232152,8.921737403058522,8.710720748248455,8.500488788829557,8.201248464471304,8.065922396588304,7.889529307471342,7.82850788263597,8.064574460405483,8.102374158910104,7.517180150368642,6.806343467932395,6.3205007791988495,5.656080652372237,5.569728092464128,6.233340068940753,6.508278662637428,6.2169423078789094,5.939950978102994,5.804352208686875,5.636444638629092,5.4703724062389965,5.408872859711023,5.376137617132432,5.430794282915478,5.308443948039876,4.805591081882433,4.556521100628919,4.832632694150146,4.967562179021258,4.568263652603411,4.357022168600618,4.411868132841241,4.374706500255003,4.389873626516629,4.1800407323007205,3.834971541381869,3.485747950520194,3.342068770070195,3.4186681337487426,3.5963488206581076,3.7854113938344396,3.9157730053056583,3.840199682680259,3.501413679030612,3.0598649249589305,2.618714931625687,2.6036758513587466,2.8498399941217665,2.7435527659706347,2.4243407504028616,2.194858419397329,1.9510978625979924,1.9871106660777722,2.184753178181831,2.216154384867691,2.153443478712787,2.2130349382094865,2.3175967010261194,2.14463727373664,2.0005538923869706,2.0412413870253454,1.9854419118672537,1.93855968281198,1.8823351415138783,1.7393690863638314,1.7530680340411724,1.7925497210821837,1.8806319929573188,2.039681797043603,2.270325448602631,2.553666200813417,2.422107671360405,2.0007919267727376,1.793137989308395,1.6387517013451087,1.4219189766445168,1.4784268781627206,1.7157290544335253,1.7481842561799255,1.556325873016085,1.359809232954482,1.4807096973163636,1.7242365036666591,1.7414941974988416,1.7422060633328642,1.9177385850682984,2.1516570733815517,2.267339844836938,2.2037143893919,2.0537220446468454,1.984702009146519,2.0435270194757718,2.1412560274324037,2.1305146926888616,2.1801338961863603,2.301807548947187,2.1246411840906863,1.7825319593813889,1.6302498454747976,1.6192667317751028,1.606519764742585,1.5835997622444198,1.5283093525272533,1.4865884040127841,1.4164626580640987,1.4020397863550578,1.5104205792690368,1.4461342598646723,1.062385561015697,0.6202089690600832,0.4226282053654937,0.5419048945837368,0.793170727763654,0.9117262777712779,0.8200379980033246,0.6002509229326843,0.4949611549149662,0.4842367085738952,0.43280341494370356,0.3886413097526633,0.39604426979759244,0.4503464852752268,0.3889929966058267,0.26899402288905155,0.31446298650680166,0.3879468187568825,0.340562215287383,0.28336515172508164,0.2622574697641867,0.2535785584128622,0.28086748286184404,0.24830156460737543
17_10_105005_,28576.790455727296,13552.504799671198,65023.066497062755,0.0015729420351081763,0.015025330143853832,0.07327789265612207,0.2157901067773933,0.46483784152076885,0.7742626720065281,0.9703032128640648,0.9838648577309396,0.8667644091233369,0.709580491605127,0.6146949631595765,0.5621940917700573,0.5459691990923727,0.6186191847379797,0.7419284335846205,0.8046903124698097,0.8575602940374452,0.9588732152140874,0.9480616375153245,0.8764587507920135,0.8660109888156301,0.8763544802830423,0.9024346035437193,0.8837515710830689,0.8832991604810158,0.965851273535018,1.0796909555171736,1.1056332164592166,1.1128017169715958,1.2544253658749946,1.4280766262394937,1.4962265458042008,1.4640008258211394,1.5258285059846561,1.7865727669207703,2.1240279996837184,2.4937796634798013,2.768626616105326,3.042953346399184,3.5550172335126833,4.297488715693814,5.109934583610176,5.875654811705362,6.743470546763625,7.784815224699161,8.705656957949763,9.466034815182148,10.287988447635248,11.042656284147704,11.67595678973513,12.275484129036036,12.938235279392824,13.596802148376376,14.163645774095784,14.361222065011363,14.458270399647368,14.637154876483907,14.792783449389075,14.932018028704874,15.30501313710394,15.619405005473537,15.400989001225891,15.066233989089364,14.904884970337063,14.833139381015751,14.749761710483034,14.44020275028289,13.98285024408915,13.73405151456676,13.54449135573553,13.264147310301505,12.804935257020784,12.333202762657844,12.07946041664722,11.917635548089065,11.62395383914072,11.079592566965948,10.559664461513865,10.353472525518816,10.098221726990342,9.722852808441315,9.519263683295806,9.390086112577906,9.224158165515991,9.055961041089041,9.01867797135424,9.159485847052474,9.095297340943812,8.748559527533839,8.245616391909662,7.828049456568369,7.74465520758512,7.757726176832684,7.65357969112349,7.421387304278607,7.185611890294239,6.987311039828968,6.671999565589741,6.401814242868288,6.416588087181148,6.451132310934527,6.273089504922275,5.9920311921961265,5.895744762386087,6.018288394848355,6.073566066347809,5.906851939048322,5.685956405719315,5.660466154150238,5.6171970768500765,5.504768353286309,5.5615253550529165,5.736388552077248,5.804353117556662,5.862323172953252,5.937630396120501,6.022168000376678,6.156886243536918,6.287900014857551,6.437984739883033,6.559030040498989,6.460807619504452,6.247614594779172,6.180788054519789,6.112615856118177,6.023760400261734,6.1143875866760204,6.268917482492345,6.301872540744804,6.322652071497627,6.340833385387165,6.157717372898755,5.95677071145438,5.832424088115948,5.679714496586451,5.514425857907785,5.340467716688352,5.104172996518583,4.90436615848882,4.75735680835552,4.57118884658492,4.4479342465168346,4.281172906672664,3.908322771231567,3.5037586636894082,3.300527995831807,3.166339260014624,3.0111929491378717,2.959265312727994,2.9558594857984155,2.9067171883364042,2.7408524585893446,2.3933393952864552,2.007413123359678,1.7398602733891644,1.6226814591284076,1.5901815677723825,1.5119764447984183,1.36221359418196,1.2182264638580247,1.1139404487440014,1.046393886679978,0.9968815333119148,0.9073642930201687,0.8433475432707067,0.8247793939353547,0.745556575405386,0.6520945996728522,0.5934133531100618,0.5493723973233466,0.5366027302565206,0.48972334628509917,0.46941680188251894,0.4978863635808171,0.45178123130946624,0.3748389034968988,0.3528170825885105,0.36837842572838636,0.3882471624097196,0.35574168613851687,0.27127850730722247,0.21646266366240122,0.22388447056526278,0.24603401786973797,0.22879870037643316,0.1772421183478726,0.1353955835491192,0.13231867710564177,0.13751656248421174,0.1314690395013,0.12191331917698042,0.11729974361713807,0.11758321338570857,0.10582250848025244,0.09469342758519213,0.09553365598538317,0.09456429417886633,0.0839295189131512,0.0699433635312697,0.06480920199551449
17_10_105005_,31446.91804058999,20913.98075459395,74817.50083107858,0.0010443687138153247,0.009273437208811292,0.040867022515631485,0.09551635095162893,0.12777945540609378,0.12737714577096368,0.1487787521338447,0.21526013845351594,0.28147151057634084,0.2910946854287703,0.31455005291703414,0.3939903345764147,0.5326998625384594,0.702251676357397,0.7827374338612049,0.8072367315223783,0.89481228523963,1.0207990346000617,1.0986557419279426,1.1384113606569388,1.1471202871497366,1.1336608064033888,1.1753280221069708,1.2493208430773755,1.338509799309056,1.5289697527940502,1.7018379248159625,1.7808350836976299,1.8172836750517738,1.7601141997834928,1.689659565107201,1.6916081620173853,1.7026500905889639,1.685562999659675,1.5689678023343414,1.4124705949919047,1.374632794847518,1.4329656059693536,1.4499793398288485,1.4595471230553627,1.5569743696497136,1.695459684882365,1.8832153494297617,2.1636760158585258,2.464417363685849,2.838233780752651,3.32512332176485,3.816776757758169,4.297742860692382,4.95207864785495,5.768010518171702,6.572466902479308,7.295180626291227,8.127880328264986,9.2464620038117,10.601955323945404,11.777214706276355,12.546473981786178,13.245038993119108,13.995806488337719,14.59988877967316,15.075301480851747,15.25949336552641,14.842036549728835,14.388411122039749,14.078088269020938,13.506047182978477,12.857768107485802,12.283196219129442,11.474166008550656,10.769552053793777,10.290625157244811,9.587698650872895,8.624801483770774,7.827349263003056,7.265110433969664,7.044642554910025,7.056615145291171,6.848231762457356,6.460530619708398,6.000718109886196,5.667007987802597,5.631540760369478,5.723287018457062,5.706722355632689,5.520456303985254,5.2862397252111055,5.112830195083519,5.039411051336454,5.0119070673720465,5.020039768651664,5.1189655807521195,5.137134054448286,5.020462731384179,4.901925226736369,4.845830639987901,4.826727308087006,4.764176999709981,4.604786097260142,4.493323160766738,4.452916304143188,4.470438660594843,4.581827260602341,4.626728168401173,4.600938821490823,4.612101781117541,4.6347667405954684,4.705029195429219,4.656592256894422,4.378062262617656,4.185720749844224,4.185905075692231,4.2431440555317845,4.2290298327650735,4.278595448306882,4.402648376464877,4.506822161813235,4.647440722526014,4.726363582222442,4.636058990327215,4.619417401160897,4.76483281707126,4.899082005694786,5.178561400264019,5.5958264297350455,5.859017294394461,5.9176824455768395,5.961666143148247,6.30246463467423,6.684714636213707,6.830598414228045,6.891506574767829,7.044733987651681,7.340810898084306,7.734059181323689,8.190175875538563,8.532962172900985,8.603271886299352,8.588361621196485,8.773639470258967,9.07100219877819,9.25050058268512,9.43041230232824,9.575175091349237,9.67098202996702,9.863392574705644,9.881155089125665,9.704856930255744,9.735036472414087,9.757708117943444,9.595491643473984,9.428471671143797,9.308739000271038,9.348264919232792,9.183648695587134,8.662346668827816,8.233257710536476,7.963320658642624,7.450401426751649,6.95818004224841,6.773754445053909,6.652160357363825,6.343366232987628,5.906398780290301,5.516731934423937,5.256458083057435,5.074312820315413,4.85706443503924,4.498677299555205,4.107607036723775,3.75879160763621,3.5165539816228004,3.321633098401656,3.103074536048898,2.8422194489114907,2.600560982775584,2.4759425376059494,2.373925789175988,2.3055659295144197,2.1623445820672385,1.905684074868714,1.695909256144853,1.6002589230745496,1.5740970394373217,1.4944412645030183,1.3137749276550348,1.129949614707372,1.0157489644537059,0.9706378746555445,0.8970919188056385,0.8208811952125252,0.7891097721899396,0.7465461739644699,0.6794459535786469,0.6060428750356784,0.5649515090335915,0.5371307661382577,0.4588721438033486,0.3833704652189502,0.3531855734278028
17_10_8006_,34543.22789230685,21879.084179591995,105300.07852941207,0.02416291961590396,0.15204254185317756,0.4119769482954385,0.6148111583521528,0.7459667427631939,0.8242959044599154,0.7637894692884196,0.6372644026504223,0.5379693207221155,0.5086319997782506,0.5553896300678911,0.6229646094828056,0.6716177781613133,0.7524470156848532,0.859766440619293,0.9355637053531488,1.013787866677723,1.115657305119253,1.215251305855599,1.2702088403053349,1.2891610857574007,1.2787020238672704,1.231820586982453,1.1843475190655315,1.1439558442088154,1.1005212748055142,1.0599503015624534,1.0767581817823386,1.1298702592463625,1.134511347206487,1.062524582729183,1.0114971878555812,1.0707973098325778,1.1371149328862808,1.158505590678051,1.1840859639611068,1.2396833662157098,1.3300604160221414,1.4536680645227007,1.5427159303187272,1.6223370074281025,1.795221691612554,1.9820949637803877,2.1351563525259305,2.3557854118674815,2.6241041578253546,2.919538149780466,3.239964433423981,3.556032424857105,3.985514153910322,4.535960933625665,5.065059361422036,5.535009904563859,6.040205789667466,6.641425894363442,7.24516193932545,7.817024694609825,8.486685995466024,9.0432284658865,9.306126844232894,9.586121786335422,9.972061243515386,10.274935589118844,10.423342819227829,10.469041135400474,10.536995969179475,10.625414877015157,10.724165930180876,10.651795018977873,10.299340557148478,9.966901831837092,9.8441034599145,9.662846209255106,9.22768816231496,8.897185020524324,8.821244413173686,8.623881379932213,8.317648275498007,8.149380059716602,7.964588109324597,7.76423391950775,7.642928490895016,7.55310165552241,7.28143027745096,6.929839473719253,6.699687107125691,6.631324176468902,6.803956824439594,6.908325878331607,6.8756733125226175,6.924158644921042,7.0358682429256385,7.061526584061177,7.0224189049952646,6.971884744046217,6.916623318723639,6.9029880790377485,6.988778999089978,7.060409684882158,7.104314289382108,7.212844009629798,7.26057313437012,7.265840556424525,7.259128237743887,7.307188596145206,7.478113566218385,7.603105945628809,7.565915581587936,7.492691815961762,7.522635254112261,7.57538790843682,7.49727131712506,7.431881097329577,7.441177426414669,7.4722628864886715,7.525932704457418,7.54541293294515,7.539964890851925,7.569530464769482,7.518124218801151,7.41285695620007,7.455309959026697,7.519056186026539,7.518606569874045,7.459998573213649,7.414920215333747,7.550612639646849,7.707550227030324,7.696189174840776,7.68359815806471,7.693816406726178,7.6265496309523995,7.567372616667796,7.600771028500727,7.573443138699149,7.422012240454556,7.2981972553566585,7.28287811833883,7.3057415802128665,7.348033396530726,7.31424355582125,7.151866800162346,6.828357956823177,6.5796965168773225,6.579383092780541,6.601725010656057,6.4948999510275875,6.262238659408991,6.094098725578742,5.980845903096297,5.835558944013174,5.738407484112598,5.645420942782284,5.484416618158134,5.31517725090883,5.1872486630338965,5.122699794349017,5.0049034451966365,4.7263276729347945,4.46270944417905,4.324157196363813,4.273512201698947,4.241100936080562,4.201949727790511,4.231907022744284,4.249490441486553,4.088571523430435,3.8138107957871847,3.572445405219191,3.5180498471729056,3.6213725835107566,3.586533206819131,3.4424981863322666,3.3643296253602006,3.3357812013787442,3.224413882295472,3.0942064489612764,3.035266116449842,2.912619835173593,2.7352713595131877,2.5962282988053342,2.4571555213441814,2.3921298576089223,2.410760781860829,2.3401085268597184,2.1955831369476337,2.134805381842288,2.132722280233855,2.140251431537472,2.1249860831435012,2.0740369840029462,1.9870939620050692,1.9179615116729045,1.886254605377748,1.850713288145612,1.7965923846829337,1.7683860739526105,1.7514816227659584,1.7203963198148937,1.7187306543584742
17_10_8006_,24914.859476498135,28457.181308645937,120006.23325260563,0.0002349483408376158,0.002481222438576263,0.012432716774165901,0.03539377580253696,0.06936378819975202,0.10669662830545676,0.13267431415042816,0.14340540894789702,0.14646770358160274,0.14089980652336173,0.12977459521983506,0.12954392478675558,0.17700064392751558,0.2678040197495805,0.364566458056094,0.5026156439055275,0.7015339725291861,0.9768487617321276,1.277881619475944,1.5955638609110325,1.8994763743646526,2.1392356756679765,2.3632049045595234,2.7323606530951445,3.286420709241226,3.7256199857242343,4.014575736827124,4.344736048408004,4.763225669537696,5.189146472090443,5.53012657775976,5.908255482462657,6.443125562087487,6.907757893933359,7.078688867222105,7.266131342348459,7.669110115220557,8.08881612084105,8.456272468205272,8.753368525986954,8.971004722844706,9.145964768963927,9.366971977105218,9.590237090486136,9.715187384203151,9.569798097103812,9.368083879505837,9.161872689853386,8.898934914915372,8.781617483159778,8.67115698245531,8.606957696772335,8.541850973556292,8.22541346184616,7.847734534459886,7.551470333146822,7.379843777062288,7.237785236136736,6.937257884180159,6.666006726120737,6.289589994468668,5.7934888301897285,5.535356489019148,5.507261972436472,5.590423158696724,5.5435279414118765,5.454321757112805,5.492986540053299,5.419989151360699,5.263638369827279,5.224975870172419,5.140581118117433,4.974082489665723,4.929594510112364,4.941498052666201,4.826960105271214,4.695521593788582,4.768430409242834,4.924676968959536,4.97606321734103,4.91484287066494,4.83529545037211,4.83045772395734,4.908938384249084,5.001352494067621,4.972637590143493,4.862428071893252,4.880001693671963,4.946528148878239,4.9184890769726834,4.8159638860077845,4.737989547993725,4.753664301572796,4.8733270192922165,5.00731795198495,5.175047747023626,5.3561052282153225,5.493563901021969,5.589152402429381,5.69335990273104,5.740974562790293,5.727792069961595,5.7431007718273595,5.789829175415604,6.0505512759366145,6.302418403128191,6.240211027360453,6.263767094005741,6.576574968475455,6.72186011653169,6.643261095108688,6.7551416985494,7.046887222075926,7.303587985639516,7.415004848270325,7.45341300490639,7.617654837753872,7.833959696441785,7.959772760333358,8.078828861177723,8.104202844632987,8.108773123759606,8.225526161669233,8.345607062136045,8.301294907015395,8.157284575332724,8.414602776392769,8.937965683359431,9.086060152264997,8.924274604830991,8.896073178332331,8.966699958688904,8.998875950607939,8.986581483507177,8.877627226996943,8.702338208234718,8.468025371846522,8.261823670366939,8.191837008074984,8.217120754627752,8.207218481296604,7.92960835074173,7.616074763153067,7.466310486826754,7.282425563106183,7.001795647622792,6.693737603565345,6.513660919918508,6.421531498600336,6.289991233890977,6.11221768384929,5.847546870228233,5.609891344218927,5.475020678144555,5.307947619715942,5.155108695504209,4.8980615288039155,4.582783643947793,4.50989132542219,4.487909521713568,4.280328247159727,4.051913418607415,3.9419769176992983,3.8748110377050384,3.6563974621803013,3.37114736614905,3.2097230589993666,3.1157517866824604,2.9490359758212117,2.7595271337956278,2.60279408380747,2.4473330829421776,2.2866422154568866,2.166417189267271,2.10923032200166,2.01256872485266,1.888449140927762,1.8162141472130484,1.7780473156038852,1.7182206939664386,1.664191390830133,1.6049451410503066,1.5574498706273863,1.5499498948133006,1.5276883112173962,1.4244809299753514,1.3186197565717783,1.2733469258265073,1.201956908200073,1.1269351273814345,1.1472041117694383,1.2084589323874309,1.1795032333669515,1.0707586498379704,0.9829025905834167,0.9816641060124988,0.9876312834466051,0.9386999830519333,0.8902814849791011,0.9134608627153189
17_10_8015_,31856.858733016343,13596.126884171093,69154.3137538772,0.00047200484355793286,0.006782887718935498,0.05176683220477086,0.2171463574081733,0.5057889531769113,0.7379317264788322,0.8596575395712527,0.9367386273269064,0.9937917338285434,1.0082069776836935,0.912738386097741,0.7556358597540072,0.6499561657432812,0.6077996479283282,0.5826859959628776,0.5919871217585233,0.628622933099579,0.7059091772570614,0.7852664198398494,0.7963253056117944,0.756518505318298,0.7288818888360632,0.7351989574664491,0.7335270861203038,0.7063233382722033,0.6756498456471114,0.7139589148810056,0.8004713844582885,0.8194375676145556,0.7895451023002313,0.7873572073663906,0.8248546030264902,0.875790274540898,0.8805861126436428,0.874658468777317,0.9114201979988404,0.9491088637761428,1.0099199528224352,1.1823356621545085,1.4877584368509242,1.9325246078880132,2.4211012507530856,2.944088631649427,3.660164127269299,4.454184386166163,5.054665118847164,5.663415775538733,6.356802220100003,6.844531479534971,7.234229276840177,7.989924164101346,8.950114797010492,9.866766548321648,10.831519678253237,11.901302574970327,13.073819511807075,14.061327975998347,14.786058995342971,15.353397194057454,15.955802689817105,16.326407817957715,16.44780141231264,16.622276121344033,16.778608739446963,16.610084332303746,16.201656814815205,15.753351927744168,15.315487323817825,14.987688649653252,14.594237532381847,14.176402687364552,13.680301004645202,13.137209190585418,12.638987212024023,11.986837151520174,11.473746854337854,11.439300006421858,11.33193467001428,11.036055064500452,11.016693427150479,11.104776091380662,10.839280500013839,10.486795749886944,10.370276358713502,10.253021697796475,9.98835198391246,9.720110993791952,9.408260594568244,9.030814460893296,8.71675804288514,8.401909767966824,8.052053004270418,7.897855044057188,7.8276899974817695,7.668704487524128,7.459741582816321,7.258181055797654,7.01708571025249,6.627288089861262,6.244245934476152,6.118985321575979,6.0526309760129955,5.88155787985677,5.715729025799421,5.484770474547627,5.200135109580671,5.082216519832774,4.967908395798774,4.815093220884234,4.705320153658338,4.64715193780276,4.655107761436538,4.779444105548449,4.904215045448929,4.914627741375163,4.856241875118924,4.8496392020030985,4.824734155586061,4.723370317281098,4.6615960662938125,4.6626699824927895,4.596666316010186,4.612205046498858,4.753844145543253,4.91861040561033,5.1105255603341835,5.332536521686907,5.5673451524485715,5.6489794876673205,5.629105571529359,5.677359058996047,5.781133301043873,5.889497298067118,5.930303732403331,6.082130460207973,6.283839287747473,6.362144467136951,6.455683465338403,6.656435830816621,6.796958173641644,6.723886123190306,6.545940179132015,6.412397289894267,6.24346033670557,6.08912247290908,5.932990786809811,5.722680761933304,5.5318480274686594,5.2207977045982235,4.879671247844572,4.643513608569292,4.465098953822087,4.284794897453859,4.09304702390706,3.8930035722952163,3.6377685527164547,3.3360748005738485,3.0871733627156983,2.9552114025452907,2.86515302195009,2.729023730661408,2.552583711752601,2.402342790704753,2.2914751237493785,2.1149161348792545,1.8593784542410554,1.6564468451244816,1.5465542343890069,1.4376912053599638,1.2844615827381305,1.1358951199453722,1.0333132937285963,0.9626680131896301,0.8897047987236113,0.8158041501910382,0.7822625956858698,0.7627425847524049,0.7424275385279447,0.7131584805257252,0.629310726742802,0.5299722202972925,0.4614237479885577,0.4081262526498308,0.39400529857683003,0.3768979292381541,0.35118261525042643,0.31311169121795795,0.2597761026973476,0.23690038753993853,0.24208748589939025,0.2497698392723934,0.25266929931874205,0.25864525200320604,0.2600065204452206,0.22664740418907356,0.1877372880176444,0.16307254502202156,0.1416519339821563,0.1591087336612424,0.19044054229955384
17_10_8015_,31927.778545762627,13914.532473203803,76318.2384225618,0.0007648377057792534,0.011092316033568486,0.07553305915389565,0.26841928161359985,0.580744563226314,0.9058864128702157,1.1583981534844143,1.3706252664395966,1.5769276294538266,1.6404362077327814,1.5076450792939584,1.2447019624187823,0.967311727465522,0.8335693470682288,0.8351484437222206,0.8537756448825439,0.8079174025390149,0.7606415381164737,0.7582117961869118,0.8048934618630463,0.8044467285404073,0.7443411492705022,0.7304492271639152,0.7652158632952183,0.7984246820404249,0.7780586490552469,0.7339634191277248,0.731475991136861,0.7631114331931066,0.7921593094267803,0.801092480221238,0.7969756828279145,0.8155799690395975,0.9247912133315771,1.0415467350377854,1.0456967704441398,0.9828020467156637,1.004986566589986,1.1493288500210805,1.3608007047331705,1.6103171656492512,1.8276742291860029,2.148345180574034,2.626739660119247,3.1718603762990325,3.87492077597062,4.733636813110455,5.593753878069087,6.508041920299333,7.67716042135864,9.013883372112899,10.293966456734257,11.762786183851114,13.359205676873177,14.37384682243978,15.132648826108724,16.16989998423356,17.14816203030549,17.846014212328075,17.964721183800435,17.865967531947884,18.25327734189772,18.54010537246579,18.176494406401442,17.801504886262997,17.507686124833434,16.76524786306369,15.841040954711161,15.293179666352298,14.926576971859445,14.283152841487587,13.543296200591318,12.876642147031964,12.255285886901111,11.486543506365429,10.78894031454863,10.381195698974436,10.192905667049887,10.18672194344119,9.964938277162407,9.566734481953183,9.215339526320957,8.824591169318703,8.473930869277652,8.185302655487414,7.837670817361357,7.5229037780401695,7.385482276059661,7.270568173402698,7.035391187001194,6.810875585239443,6.770524157922337,6.9104865895438525,7.001497997971132,6.720415203955872,6.2788160535128075,6.130317412744262,6.198509517747782,6.1688204223509535,5.935962061777717,5.821763996264271,5.868799307828654,5.728955834702986,5.4718946106992865,5.40399537650889,5.277569796561415,5.171309286339822,5.274933805102324,5.4176887163667935,5.385565425411875,4.992481913093605,4.576655811590353,4.53466537922369,4.701099786785273,4.943166850351384,4.958202335193379,4.6894878928263966,4.4693069443400155,4.283183590946364,4.193288897615163,4.261846873640911,4.242098438863984,4.094502061923637,3.988136238658576,4.05758738077878,4.29293582665835,4.433885671243113,4.298183876902789,4.186669459823682,4.230698468286129,4.272227786267085,4.294549150247113,4.293869086262677,4.198523680213196,4.154517764312817,4.260948725575861,4.2873740515163306,4.2368770174111345,4.269348233237185,4.3935817657639324,4.405060648178139,4.519886747675025,4.84051989150071,4.994864563942569,5.039262126814205,5.038878294417168,4.807038131216905,4.674928989016584,4.750704990802597,4.664714872802257,4.528797288783221,4.602463043369496,4.727736083758162,4.832644747773867,4.718259015769302,4.511501725304913,4.420060455662192,4.288207531781344,4.0899106955033,3.952047204084665,3.834650911159103,3.7967112098541613,3.7263074369365237,3.619007072393306,3.5554497118430053,3.4020371451061253,3.2142441729867297,3.049724790419225,2.8390645451107184,2.7405173627534087,2.731299775438407,2.560060988042405,2.3585411418417097,2.223609650601726,2.129069592537887,2.013630932556366,1.844454802477865,1.7426003473380065,1.7015179087836065,1.7015934942142392,1.584074552517801,1.3086978803193678,1.1054755667617457,1.023830656675821,0.9624080782984935,0.9424623085064212,0.9706791272452615,0.9547988382770831,0.9198106117379498,0.9075562622738369,0.8791899980227114,0.7735501889220472,0.6281171376605185,0.5567961803814462,0.5644972889103259,0.5488784431846074,0.4894579581956287,0.45723054765134397,0.4153993693627989,0.36281153695918505
17_10_8026_,45113.32377000723,28464.43309536556,126636.30918604654,0.00340027455620297,0.023891022060830994,0.09268588296244343,0.272347152290897,0.6542174767838788,1.2435402317707285,1.820038428385687,2.1327702726706437,2.112418634852672,1.824851564363058,1.431488897905483,1.0661779479422935,0.8604586002741514,0.8200397743018705,0.8363276602329294,0.8545908328834495,0.9346275095035343,1.0029562344823848,1.031558536451938,1.0197804412642857,0.924159373662866,0.8259044697662583,0.7761385857362642,0.8194173861618227,0.8778587290331537,0.8554365841946232,0.8151063577993254,0.7786974340329631,0.6949079610136278,0.7237829860849737,0.8864891457101397,0.9863074585625629,0.9555215080086726,0.9997284012501805,1.1148323485022718,1.105311736724234,1.0605501580560635,1.1092447409942041,1.1403471553114526,1.1027085533290386,1.047923593772669,0.982200573878324,0.9693852624682969,1.0728458775462903,1.2092764350257508,1.2967639549536585,1.3650707366640498,1.4908296065696776,1.6352961654986096,1.748060556066578,1.9133387978493523,2.1120111775162638,2.2960548808277994,2.5296558058947043,2.8484623112451937,3.1250767615365,3.3971026305588583,3.7482686379760337,4.076618734602286,4.2863491320361025,4.600827918644822,5.112217355050693,5.4850150557655,5.615166897972871,5.863744501066384,6.299866553034859,6.735686300306554,7.047650515014821,7.060621582555936,6.9694328013140705,7.032641376514738,7.11967107378209,7.195546025432627,7.397624981036561,7.615547102469607,7.543387026730865,7.402431670499851,7.451350285250026,7.386427863434401,7.282277635396201,7.33820191933321,7.431733390445489,7.589852437449786,7.809499999663173,7.933965662011462,7.883834465491358,7.932731231797112,8.30107256420285,8.55220881557267,8.702230338304581,9.036615829913073,9.333713425425948,9.447563730350724,9.560245791547688,9.789693122450116,10.093604395820561,10.19841271935867,10.352271152409402,10.791184495062867,11.111003378132168,10.98149883374288,10.772206108688696,10.738563839583,10.604695572356453,10.487393300160607,10.60605919181294,10.510832889481518,10.185475329812206,9.83553346335401,9.625119631031572,9.447732997568622,9.323399590423355,9.149742481667204,8.855802887663513,8.608675969308255,8.414460844455409,8.209476464398763,8.099045698690658,7.999115796767338,7.685262561995576,7.444339034858171,7.398732495633148,7.445978831660029,7.310436154177873,6.838476099112287,6.505103203197315,6.409069813119702,6.3569820119786655,6.222293390038389,6.205609818621531,6.2734026596959325,6.1962826142161305,6.042533857236062,5.7554919547158425,5.47345878828188,5.345705913471453,5.178384810200612,5.152607025681132,5.315614093588878,5.4210971795163525,5.320938330917719,5.049815689618129,4.988472817300966,5.179481804229756,5.263457146376881,5.296387361619308,5.426777666195972,5.477687855757709,5.486371034093007,5.421278960638407,5.401517014140304,5.402393165032319,5.441637602670601,5.5719521790783615,5.802447779754782,6.019144346470013,6.013327682381536,5.788348743619567,5.7561548221701235,5.767032330402844,5.616966027108002,5.373290576125356,5.339097495530043,5.483281134861709,5.522500880749205,5.58148871445755,5.613749368857637,5.582263326242978,5.455214782886407,5.279682321136153,5.1802134636058605,5.113619185262392,5.135152478916596,5.373351208875959,5.363964031279925,4.956789684685913,4.732332488093021,4.788091737311376,4.809867010496254,4.615195419207235,4.48389174305353,4.425998105852329,4.296684359579781,4.19556007909753,4.23844744513594,4.3431214365986,4.343822471734802,4.086758483115961,3.819794100244112,3.72036049918195,3.665142636890786,3.619622206969039,3.608188679720309,3.6388556973191757,3.6480809603914057,3.431032232718564,3.1403614044752732,3.009251564749199,2.9499965983023273,2.964616956369659
17_10_8026_,36014.66177000137,53543.877500460236,144170.2627005299,0.06920925714154484,0.4783071048620235,1.4593353369409752,2.329380894276534,2.606056833040219,2.6640314181424287,2.4770918409311045,2.1545619634226836,2.0245138115797694,1.9357204069264626,1.7892327675103217,1.526214722250456,1.1636117432061466,0.9398312316437766,0.8172771921810199,0.7232771647865243,0.7378375242973589,0.858297547455578,0.9427336744662359,0.9776216785533413,1.1049154023864178,1.1608149706725726,1.126050193363188,1.1780359486488483,1.238377788732695,1.2246823278646959,1.1717757256112926,1.0829021977190771,1.052176920849392,1.0490031630090655,1.0957542446721222,1.162648533399996,1.2259117290508297,1.2669729738652782,1.1843801437114423,1.0497756636639235,1.054569093072609,1.1360635215266672,1.0642821330222014,0.9808464646733093,1.027332863959912,1.0884176058282768,1.0966841139743064,1.0646626481801644,1.0800048769718524,1.1708390103699584,1.3451909606081416,1.5385397920825024,1.7324861290874298,2.0498628585128174,2.409700177725351,2.8512995877914276,3.3688886067701276,3.7538701046977057,3.990147005484018,4.203781360140313,4.464095948019618,4.748415746489515,5.1569393699741175,5.671774901351864,6.061921000350517,6.30318249577878,6.355152297295818,6.352110955977493,6.506383091031677,6.543349518028286,6.284927165459633,6.159785849391157,6.226776618263352,6.342150551896325,6.068813623764337,5.417037270232567,4.907590675979678,4.643401206098877,4.453703222886581,4.197794895606638,3.8525537381753576,3.5755924237528083,3.4691622032229663,3.479262772064712,3.366190160139124,3.10877652815068,2.8921572650957397,2.846231529949014,3.1256693311474684,3.367983007862321,3.2899799925864603,3.2809828220729105,3.42601711726599,3.652534521853844,4.032926612360943,4.546993479720578,4.802549050156085,4.660604825291972,4.665725737945466,4.959923375126074,5.2257822667171085,5.578679272203512,6.078346062747252,6.3818691752594265,6.3487172931225935,6.671293065486955,7.448932082864836,7.891063767599243,7.8287688606016355,7.811790392517107,8.218335241409694,8.81038567765825,9.22187993139018,9.157453728915467,8.918188432869133,9.142208112314357,9.743874540568546,10.120494822391352,10.195932220343053,10.2361592618335,10.10108711243909,9.850613545842409,9.921078926925778,10.134189781788518,10.228805832805564,10.498301335499496,10.960885485851744,11.044785449284161,10.701814404164276,10.342741514409573,10.47789649898639,10.898821184483008,10.98695411485559,10.697626125509752,10.126684131074148,9.846394860328527,9.67912053696969,9.287457195112108,9.05824267724992,8.7403497899737,8.239504132267331,8.197882334933748,8.287866867692056,7.99910728263261,7.514621462116376,7.274968364770898,7.497634537478329,7.628232245679337,7.48607596179092,7.38060435976369,7.4397470914232935,7.624368673731375,7.751412669219636,7.376280345938188,6.924047951811762,6.94460111880007,7.221675516638296,7.348040716903237,7.056179787747584,6.607254925484461,6.60547779837388,6.989312517967456,7.20317893634236,6.988852882456124,6.81589850455516,6.768610950042548,6.42004729658086,6.215844861604805,6.167256747310597,6.025777260265408,6.138089338330907,6.1844306140927765,5.980712060061063,5.833540415439578,5.79119011303158,5.653002957540964,5.34203018171651,5.071876795955072,4.824418559462306,4.5851684471434595,4.635307383554822,4.688975122821616,4.555421560894852,4.4349449249329105,4.247958928860905,3.974347402364875,3.934857171735556,4.174660779313267,4.369988652598367,4.237666283487927,3.906466549996562,3.592727062546223,3.329230613004231,3.371340007584738,3.684002966339339,3.9202204486201304,3.9319445349358157,3.600810150538409,3.2183454882463156,3.0991667539675984,3.1088800960421117,3.174229309223541,3.290510759624518,3.176254898170893
17_10_8030_,32352.32656913829,17683.503268552366,70829.04077477868,3.502918204861392e-05,0.0007607829505979075,0.006555761428067749,0.02463895158000291,0.046655665484322255,0.051084594084519555,0.04167995441076823,0.05939189935672599,0.11443493786030666,0.12816017958810635,0.07813814541127433,0.051440581953580825,0.05859545676149901,0.08956588254254254,0.1275333471358184,0.14934844167951358,0.21705931072713475,0.3292086054776747,0.41039367681969297,0.41799921515271643,0.38536899043554396,0.39123836205503193,0.39177513011227943,0.3439678497892947,0.31518631653197976,0.3414437422815317,0.3535742953725651,0.3747257042317904,0.44508236863699,0.5263072957160112,0.6270044196015521,0.7505546440557105,0.8214757145098375,0.847490618636447,0.8481993420266661,0.899317505951482,1.015914632609437,1.1502294287728663,1.256515262276976,1.4172002346234422,1.6532422015692383,1.91410564407274,2.283834668892532,2.8345985617005174,3.445083092880882,4.098550099380875,4.811651616880956,5.432938186363272,5.896973941230983,6.465838293842986,7.206921133961843,8.13338962053799,9.252519539284094,10.118235369289195,10.705180037760957,11.349731921874172,12.024154267346931,12.707164300839198,13.46458540601978,14.140317201033952,14.540724936784871,14.679961161018772,14.61643347595613,14.246598461586771,13.91233359767134,13.64919107987911,13.255380202389984,12.834107182560402,12.32619246268548,11.66009935575319,11.125767014376999,10.85830554101176,10.997804552013633,10.90806535474981,10.07911144676196,9.203620897010126,8.639011975254206,8.347092436345816,8.213905009781856,7.8252126287854775,7.1903669722792065,6.727014197272932,6.760372232746572,6.962508414587064,6.82273221368613,6.269860957414158,5.739634406744797,5.625406828888732,5.846876881972995,6.045958939918783,6.133372984932717,6.089048450413549,5.893289873756032,5.766042974277296,5.702953526123009,5.567498995236809,5.312165005026058,5.049817444437166,5.170275068188153,5.512123883271233,5.632821706764902,5.597059941096112,5.694212024563689,5.753955982393934,5.612104638500403,5.445218676109063,5.603156639947291,5.942715162661891,5.970359262052451,5.835469871054931,5.602173557520829,5.539874531935119,5.754772532229864,5.847057591597671,5.893757588943893,6.131341176172156,6.465913998024086,6.674745849650772,6.772537543588559,6.881983593478635,7.164716956113285,7.8538475420123754,8.588376097073283,9.003012692559594,9.331041563959939,9.551135348002138,9.556572681662738,9.521538372309042,9.492463192500583,9.318577553015858,9.219506197094809,9.49172874202634,9.999680051827436,10.31758403768088,10.492735045476735,10.942882727587017,10.850992174618192,10.252415492468716,10.28484872040138,10.354657735456124,9.968023054007924,9.593785053806307,9.499803455866978,9.565709156920633,9.333027275402003,8.926442028998322,8.516680919558395,7.88576029050023,7.261677551482537,6.823539831631221,6.387433599508532,5.878664281617854,5.3829766782608255,4.7540607656239775,4.160643605540768,3.95113404040346,3.9024271552877496,3.6995734497068216,3.3985255944314554,3.15427458285061,2.9827364193066512,2.710794181199636,2.346750620285978,2.0561335088181663,1.9738246760975098,1.9533701119570148,1.8571106062908154,1.789925646402594,1.5974325289279692,1.2697214114268176,1.1750628729972787,1.2589312154179595,1.186267535495233,1.051783339128368,1.0417669026850966,1.05713268793463,0.9471423445179735,0.8545381697429786,0.8592404061341653,0.8864888514386793,0.8417083657207906,0.8035459301927848,0.7853391965268675,0.6957876232042827,0.5537184533573605,0.47975940452133015,0.540617386989745,0.6476724139932692,0.6747395797924507,0.6024069188142779,0.4868148378086874,0.4067265461133671,0.42722865138184596,0.5022792379154541,0.48961764391096646,0.4379409632601346,0.42850682724303923,0.41395313710408316,0.36999312882991,0.32127614744662963
17_10_8030_,22743.605653530376,21459.65266428673,75834.49381772481,0.0012467001384912349,0.018456508891540106,0.10703956245701289,0.2630753287953798,0.3496646983178033,0.39748853109769827,0.5605110201534315,0.9048626183389814,1.157687976304484,1.3053931633719777,1.5039824191814375,1.7053298237994643,1.9448584853181252,2.114945417865968,2.344065109769555,2.865327185378461,3.389056725442677,3.497304171559987,3.24104190048729,3.1275863000354134,3.453006358594752,4.025199179559181,4.3596753947765166,4.356370210643938,4.262745223531939,4.331252477717128,4.62384279870503,4.662808558443724,4.657185730845812,4.861432525676752,5.160803088173909,5.203677943768254,4.906409037463952,4.789298769436944,4.902093894419744,5.07000465495956,5.11889921111348,5.4767515959872215,5.808989861987587,5.4852131378589695,5.051303634128981,5.0234988789648725,5.333756229273183,5.283177977551831,5.000197166753152,5.104828862733989,5.4876854120270835,6.07320766826535,6.726830659259294,6.879789703820265,6.529957422905837,6.780464459001516,7.689975203883965,8.332730134539855,8.372423183380432,8.639924629854272,9.548833224295064,10.613200603021633,11.034985130643904,10.570268785303595,10.4525892955442,10.875851933682195,10.781519911215403,10.448997989475375,10.47556581272883,10.793279636144982,11.439419456947507,11.755762839597477,11.34110058766258,10.824552965315847,10.530935173441016,10.453931616877844,10.29933251247264,10.175443427807025,9.835739911236562,9.554460800876802,10.089529802905263,10.595907578535998,10.565012335278139,10.959178806949417,11.395115169519185,10.793221632691523,9.591788619407307,9.230787891759688,9.608204522793928,9.713499859908495,9.917687422119345,10.039909481484644,9.75305302072752,9.472408957134872,9.359636756727571,9.254748675748049,9.150705303670676,9.242622607353665,8.969565116141137,8.292801198173262,7.942668885801559,7.88993628732099,7.757009440916756,7.188502319105236,6.645147382435893,6.408867212074858,6.021981927821526,5.866534983585625,5.9042414121773374,5.811166395762104,6.010047160717054,6.1619910198292605,5.830404702654022,5.22736664743251,5.155014087829135,5.643763837911547,5.770121912622046,5.436154412423499,5.10173236506355,4.769793706129015,4.883237509231563,5.254980076188556,5.462317193638765,5.541480157478846,5.566934348909572,5.4350688769291144,4.984639310825105,4.4698248324189445,4.168921428791127,4.078933415519196,4.337204588597679,4.735156824315895,4.85147247484071,4.417347393226551,4.214104046411376,4.640576096366053,4.879446942824827,4.641282152321054,4.523200176482703,4.610804051390599,4.710906232338996,4.60382772264628,4.599006455821741,4.423830136188565,3.7543347334807975,3.563683998480237,4.020731713112122,4.325109979756443,3.9841824215540798,3.3807153200439215,3.043367598131855,3.1921289144106364,3.5801606437917197,3.7340189293817208,3.608955353843002,3.559229013424706,3.642266744856855,3.441235730710116,3.211137354246036,3.095113009223112,2.959244462058112,2.7701389857621725,2.6473884429290817,2.5418796055346204,2.585396664112086,2.932474119677667,3.114717378945749,2.8062392847194477,2.3345704238813956,1.919303476398269,1.7185678407236464,1.6322496526238868,1.6146372474262802,1.5813965974449544,1.6928341826772808,2.0129199332240906,2.210015090994735,2.1603649023325677,1.982057130510748,1.8175319376370844,1.6455148550211764,1.4631667856885657,1.4285912171531527,1.4443825650316449,1.2565589925489444,1.1826915673894802,1.3096438862086448,1.224375828053772,0.9967760023902843,0.9598063495616882,0.9889613184731582,0.868535148124651,0.8345784516396441,1.0761014250013532,1.2387936416503398,1.02587063655907,0.7192803100691064,0.7025799415402435,0.9394025363821575,1.0342226473317944,0.8033137263408496,0.489722430236469,0.49373363018739985,0.7006578460048007
17_10_8037_,37186.965332208136,17557.43547326971,75705.9554303402,7.043744979457602e-05,0.000633781168205527,0.0025108094365344793,0.006758530222238341,0.01724671584446684,0.03352751952005144,0.04935422670070413,0.06432049572378806,0.07770867607321043,0.08890114385767753,0.09481477583642689,0.09630146543325545,0.0992883339477276,0.09852121166953172,0.10045001888611065,0.11376922967554413,0.12748504709153857,0.1559168406119324,0.1970687165915291,0.223034452429219,0.2282638000211254,0.23766771810143703,0.2687333996726358,0.3276833205341941,0.3890755930702561,0.4271661206433433,0.48625694665189617,0.5853146485323122,0.6873757165152582,0.7600696634140474,0.8044434180025078,0.8484377626584149,0.9145515922660424,1.0300398622700826,1.166211351379917,1.2793319680624864,1.3540070030907465,1.3683082063572314,1.3976510768822101,1.514153786125738,1.6621175663283754,1.7867105386739126,1.9092837781683156,2.0566156244210925,2.171141581363524,2.246549314431904,2.366754285972991,2.4995993019713185,2.5990977683718075,2.7806628154728954,3.0515016275515747,3.2946649375620813,3.4909838880963666,3.6790472442846642,3.943947088593684,4.303510445665071,4.724685858572072,5.146559424757122,5.60075604589905,6.127031210328864,6.679904356259404,7.293294102402211,7.9904829134950806,8.739919351871716,9.443427742101708,10.071935425076814,10.818760462649639,11.790737102087123,12.8605664476394,13.800175827860162,14.548628146412392,15.137851379626232,15.644820776309977,16.17823974623965,16.7094063947109,16.797834104009215,16.46012492007167,16.108251456907393,15.71977254051967,15.032553736772321,14.121597795084545,13.157385631304413,12.163061819368911,11.293884363079666,10.465951706367896,9.661814569961141,8.986726150165325,8.364823206428039,7.7823416183542395,7.311313848963412,6.940420111392657,6.565517381547165,6.215197753151462,5.977947391650993,5.8817135688305315,5.785024236036418,5.651732072379906,5.499463524046966,5.355757038059497,5.362165293653662,5.377581618923746,5.212061906322837,4.991469764679162,4.858404717160839,4.804998314721675,4.741298162072185,4.683535202363907,4.734797471631562,4.870392426577136,4.885046372970791,4.771054859371565,4.678549217893066,4.685755741251673,4.659064413566569,4.491141074360694,4.384093919369436,4.387378588450671,4.382549223493546,4.371975777424641,4.419478396670165,4.56247996759821,4.681169075828477,4.649916275525607,4.486418423642054,4.28868662670904,4.322506569369734,4.622887482782268,4.902250016741504,4.9441292765718226,4.833118667311654,4.779675702659003,4.880652876294665,5.0460038195776304,5.151651901832405,5.315765820559555,5.528809791352029,5.631309527838768,5.769013310099068,6.03207754954913,6.343787780489682,6.660099758547418,6.911294337944173,7.088222680810557,7.169936889429743,7.31934461806899,7.580101621053352,7.850171415889932,8.064674342886692,8.181265593499084,8.412314811473703,8.771190933148754,9.020184368937633,9.197316485812955,9.3702046885324,9.405705403879658,9.385229062147715,9.424432644397402,9.448362567011092,9.444781667322363,9.329467846850635,9.11193531471483,8.897790071325348,8.638411800341721,8.328305124219318,8.027042205227247,7.688115724265791,7.217478608297358,6.747369546096027,6.347500964146551,5.923762759255469,5.461403335741395,4.959565119797319,4.46081874765942,4.054988311751478,3.680512633193442,3.346794190482367,3.0748359725966683,2.771553123910127,2.422031757826482,2.140913125248238,1.9701497711574825,1.811119823169062,1.6161497625292987,1.4323015498659601,1.3291503411450645,1.2582931625378548,1.1524892542909213,1.064346629351724,0.9891037361326886,0.8805561256848454,0.7947770073022754,0.7574027262350841,0.7084176441911225,0.6596514394877249,0.6672489926710454,0.6785738583465493,0.6388499515707421,0.5657638747788524,0.5133642087020417,0.4797505937436507
17_10_8069_,32929.16474851538,22910.63560877937,76166.00543630769,1.0977854524134168e-05,0.0002468093082527701,0.002112723124970715,0.006943532672240227,0.00893427556885952,0.005552426209890775,0.0046476822844927265,0.004362007870618784,0.0017762559431045474,0.00028637830495745187,0.0003165372479540019,0.002006718488655748,0.005520896862288751,0.007476201013700174,0.006027981819160911,0.00560058778596441,0.01266521417639718,0.02495330306578409,0.041978785933334824,0.05977288553082093,0.06259146510928755,0.05568562934940985,0.07858721383762003,0.13350095233366968,0.15400046114827295,0.1362910095981071,0.1329387232410777,0.1361031541229679,0.1399656624264588,0.1469929766963726,0.17182258479256607,0.19839104150072015,0.19680429907747882,0.19863400273723236,0.21453646748421643,0.22671629613977493,0.2520349453381097,0.298226847457332,0.34220526537534146,0.3577596285421435,0.3539264104381477,0.37018161097213587,0.3993711565255877,0.4400059891177097,0.5337298899833194,0.6636674274763141,0.7658859593549763,0.9542409285148062,1.345323724506298,1.8578658747050938,2.5047283979338624,3.4916593426542986,4.885455575602513,6.490695989773094,7.97865462619585,9.354972930139567,10.847020183498959,12.25348149063664,13.336000663340867,14.186116172960475,14.901203295132799,15.406679771094236,15.74482696071461,15.913343309840494,16.089895498688442,16.528338112022375,16.91075215898316,16.877213140085882,16.527950117430855,16.100176807525568,15.370417619711215,14.182998656341967,12.897584936861263,11.590078860348713,10.420131909220443,9.60073735041517,8.81765822978527,7.837197101890675,6.925360456017027,6.201897387185053,5.591782090745706,5.121618866859867,4.785201058730661,4.533813466292186,4.3404097743330325,4.2439538098685805,4.145991670535103,4.042420205347638,4.002091011522896,3.9771362362215377,3.952025713068906,3.869653407836973,3.819043077634547,3.823773192326555,3.7981969305850183,3.8699193452540395,4.017196472886858,4.0310553060966505,3.9567707053872594,3.9754403741771394,4.060548458393114,4.146879928852584,4.233838710530028,4.237745933192355,4.131443372426993,3.9845896522717914,3.891749080264553,3.8357964369008917,3.8361127325112134,3.8292164847033687,3.7682487008562955,3.681858756497994,3.593748332788443,3.5228832634376372,3.470022868880256,3.4943458572506985,3.572384537737497,3.573815822098399,3.4745238862013177,3.3565894768408477,3.300465604858512,3.389854783992791,3.5880323711871225,3.714811342108332,3.798680807606425,3.911153367236888,3.978718017435719,3.9879173219175765,4.122384533030698,4.4258641875507605,4.670568698954591,4.745249863752514,4.9039555873002385,5.280211607444043,5.697823631118672,6.137616886230385,6.622615122775596,7.113023748691646,7.677309913813785,8.23433793985042,8.723583597973048,9.31909783632763,10.037864096637618,10.781621603633331,11.423207767219676,11.852739520099083,12.319178463662842,12.90429172837163,13.317651908170744,13.634464152824568,14.093500257388747,14.612048469665606,14.678921094655474,14.273847671123916,13.798454683225797,13.505057083028769,13.350324374813317,13.132459355504551,12.716777961623611,12.074631516495462,11.455845687554687,10.868394000627188,10.240463798108635,9.63520554937155,8.969138421470326,8.187230795114024,7.441253584049176,6.852887235594226,6.255839490320961,5.591849754507112,5.000110021746689,4.41949896291529,3.87803834817337,3.5520200086263385,3.2494755360180325,2.859373328345307,2.518593319418742,2.2411711921742072,1.9910405679977465,1.7893617208421981,1.5985518864936934,1.37874562649221,1.1734174685058907,0.9970451212609688,0.8712357585827044,0.7865022328057897,0.681190794972921,0.5728497688019402,0.4987666383115587,0.43104888292171334,0.3964549272404104,0.3712310031988477,0.35698688280233687,0.34997591906676206,0.306985952741568,0.2645218509038621,0.24688885618773468,0.22802571339817443,0.1896099237699354,0.16661314991573745
17_10_8069_,27416.433898370393,17957.742529021252,67651.55103236051,0.0007716710892991636,0.004429001745623396,0.01067581078684713,0.014379974842023293,0.014073340393301718,0.009506150989818076,0.008039093305449512,0.008536763243911097,0.004473592466466109,0.0014616603366643312,0.0026387501197698096,0.004493162653295525,0.004505692459846647,0.009226677220590795,0.020554124263118697,0.03170758354230173,0.04682565042346692,0.06997953212658353,0.09253330087898311,0.11244041994341264,0.11947686366493422,0.12442973360064817,0.1448636829767191,0.1655507805282542,0.18655662090270286,0.21003752448222918,0.2223196703514241,0.2510605074033299,0.2767919648979197,0.26394364129561976,0.2437635970342624,0.23978199763277083,0.28109554344764504,0.3896306109996035,0.5453670624236995,0.7599460545892256,1.095696703042529,1.6021817873779505,2.3104018587022237,3.2661891261055667,4.449884481869922,5.846354126027334,7.435631258022029,9.216040872413618,11.19846277906082,13.126298270857452,14.83789900139325,16.549001619196826,18.32661824650023,19.937784121794493,20.848938217105513,21.15230724567516,21.281088553198718,21.14521227635841,20.718910721877766,20.1404841619503,19.401935006102427,18.47627844464864,17.542243375958655,16.771801302812694,15.946407977323089,14.995443781376375,14.073611093738462,13.090047553889073,11.90454283267806,10.856193421077636,10.056366432416553,9.236877897176331,8.337895824272271,7.392818814817546,6.635440716138177,6.168198449084252,5.825931677586334,5.481916202909494,5.152780997122771,4.936006888348992,4.710761369514382,4.435869464366551,4.356105501974613,4.458429602178017,4.472988164001134,4.398851695565862,4.3271634943807715,4.366169542493768,4.433539643794654,4.48285437130467,4.561160317357059,4.565402820781117,4.514200815737336,4.4607297655949925,4.39362940400682,4.3051211910598735,4.247532261544821,4.187202050846851,4.07324036196865,3.970951873465871,3.8802350851149465,3.7924056865183657,3.776486293964822,3.716436836138738,3.586056167167935,3.5183102283931773,3.472418417340845,3.350869231758081,3.190373155361018,3.107689654811604,3.2365313223608365,3.4174932312984887,3.4294058613375253,3.3631641136891703,3.377930512609072,3.516865149193749,3.770212713412579,3.9369687917273684,4.048701472673899,4.302877959369327,4.606355393244776,4.856309796044051,5.172906333287455,5.654990532748089,6.124368925532701,6.576798238782957,6.91779853944084,7.225596870291139,7.917706543796055,8.783436162257665,9.361134159756013,9.747567578322185,10.130315691072878,10.515930893072284,10.750607732450026,11.088787546623033,11.527815545492457,11.867674535177063,12.242772911883586,12.497659549524627,12.507985173855811,12.21705412973846,11.716997777336317,11.279482378261262,10.918041371770078,10.46662823698101,10.01990014503466,9.669018055466056,9.277435203128096,8.814345810398642,8.27762855908919,7.702343944658919,7.115467073805893,6.391250990468227,5.627410560800536,4.983364259877465,4.442639745162782,3.9674001861450647,3.584842380006889,3.2492941398175983,2.863815317593707,2.5098834571914237,2.195854590390331,1.8965873053127116,1.6994505469429,1.5432522874427241,1.2971511249855148,1.105133092486984,0.9978565347791867,0.8626645602780335,0.7415548867042892,0.6638856160269839,0.6028542958639108,0.5219656435465012,0.42660340572924144,0.35366822696001987,0.2995707775113284,0.2657950989468353,0.25765841912093695,0.22816279351636828,0.1784846878864365,0.15539317225051769,0.15369595309783068,0.13092922035309842,0.09676075651842606,0.08938999181614926,0.10484644163124397,0.11018208988679465,0.09164113423894928,0.08523034664226382,0.08891408760780485,0.07440253270557332,0.049786616882931144,0.03644257148008467,0.03581625150148583,0.0323687555424922,0.027219820809771162,0.029227625217298533,0.031301200073064604,0.02769798178751278,0.02189440399017431,0.016700423122396973,0.013684587014323991,0.012230242762119266
17_10_8073_,6062.705,86736.67960571428,122085.7161518987,0.07021104861276102,0.9420113502395054,4.787998418661599,10.081556691704574,11.996466711718579,12.983518083961819,12.433418559326995,9.375989639248216,6.07996608046844,2.589233248294394,0.5012497599369553,0.03925444135751575,0.047762318820559806,0.564020108714705,2.5061080048984827,4.096557296068334,2.4634503217470622,0.5449718903861527,0.04435166348014578,0.001327856802848584,1.4625074615831607e-05,5.9258473000813385e-08,8.833002228118866e-11,4.843641747064643e-14,2.890690210715206e-16,9.466221120035423e-13,1.1802961928439042e-09,5.413908183042141e-07,9.135583343715732e-05,0.005671098624471576,0.1295100986461416,1.0880418184971932,3.3627394386539007,3.823548243537453,1.608864830538122,0.43594925227090964,1.3871292140006939,3.6537824102682763,3.5759258986934275,1.2875787524929987,0.17055516500782456,0.008311156698877943,0.000148992217311138,9.82587453278105e-07,2.3838798531208207e-09,2.1276639265073562e-12,6.985978031341582e-16,8.43833803292093e-20,3.749662161521244e-24,6.129610516373251e-29,3.6862020586254016e-34,8.155130460612919e-40,6.637250467638438e-46,1.9872431957175916e-52,2.18886687325765e-59,8.869378661281025e-67,1.3221251384253975e-74,7.395508085278233e-83,3.231426970038457e-76,2.645920664637174e-68,7.970119059558688e-61,8.831984903136334e-54,3.600454650300339e-47,5.399603750138074e-41,2.9790099486204714e-35,6.046269971910261e-30,4.514489366575473e-25,1.2400387366945097e-20,1.2530470767316969e-16,4.658059604048272e-13,6.370128795530968e-10,3.2047702709605267e-07,5.931316668288855e-05,0.004038413987326648,0.10115237441146024,0.9320663820269416,3.159534663969759,3.940078939510297,1.807557991796987,0.3050598654466624,0.018940150568712753,0.0004326007799625615,3.6349353175557186e-06,1.1235996474393702e-08,1.2777091928765446e-11,5.345126191341094e-15,8.228342441878841e-19,3.512991119554704e-18,1.9494479232539334e-14,3.979765656269119e-11,2.9888827586084925e-08,8.257826953724347e-06,0.0008393212019672604,0.03138312076974565,0.43168760637938947,2.184482403671069,4.066614821970664,2.784986190252834,0.7016474116172805,0.06512710372240858,0.008124013899430214,0.13341127652114626,1.1080625121349785,3.386350828628899,3.8071957321455665,1.5746498514794534,0.23960784879378438,0.015278606852605361,0.07215795569249314,1.036340743091609,5.636406231434912,11.666635158992479,9.489082616323575,5.00807856288156,7.675742028285569,11.018807096416902,10.211893610822381,6.946778422169849,2.6458179705892437,0.4455655732495794,0.11774477316883963,1.1324082541994316,5.579078462816513,11.305183018416372,11.52285413741166,9.629127243340218,8.028310434623393,6.259288556829794,7.9972742152149925,9.342577373898,11.00054932105611,17.09019384275417,21.053396373729292,16.247821905833998,8.172135761792301,6.037535309523757,6.747127241827427,5.825794283284357,6.651211473010615,14.536803939259267,23.38480862871172,21.439457602837134,13.201786230972461,7.497634585038551,4.952225090271402,3.5042818208048456,4.571461384786182,6.109548616732142,8.3087456161491,10.602125969984549,10.47952920291135,8.265699801274351,9.032059655622886,13.531657694698595,13.557056965138624,10.602197213876016,7.557009622886852,10.479541349334426,17.44209721992667,19.05289892872917,16.569281452570163,10.968574004153396,5.275659534800723,4.369059828888395,9.984769373215194,14.220344456149416,12.233690188843266,12.643376450168834,18.124331689095573,23.909934229056642,25.684946288560223,19.131440392887068,13.570830162792076,11.653002250133644,7.256886948127029,2.3648870864626743,0.5342750413756117,1.7451214549133915,5.954704304893031,8.424723668722958,8.029361213452944,11.657723910706254,13.020852206688321,10.753147255614843,8.323121932391551,4.678788442950244,4.16456168943911,3.6759161608111195,1.4883702702887356,1.8966743139173092,8.645879591443867,18.41944875429625,18.671985950898534,12.56608196790888,8.18201389832651,5.3964679887132725,5.90210167795309,6.698815144806746,5.407561709718054,4.604072988079192
17_10_8074_,30585.046628682707,17844.42550437336,69281.19727375849,0.0016998825479053162,0.011860129885465935,0.041969423551145045,0.10177981843653461,0.19471440289321412,0.28124602519374287,0.3339749824493524,0.36496842025789017,0.37501836950327294,0.41515911032098524,0.5032020667856903,0.53327872753148,0.5206992528101769,0.5265836451073231,0.5258360060686081,0.5376967505959984,0.5737228225831721,0.59544445440109,0.5857072305053002,0.587325764093663,0.6273833012531546,0.7063195197200685,0.8044672850694791,0.8720682620130774,0.8773158663002265,0.9045912712907234,0.9695230751679762,1.0479269789923265,1.126595236016404,1.1728515570906923,1.2104607894204351,1.1919201159366082,1.1469545340082992,1.1609364635590946,1.1927703798135214,1.2104187644155382,1.2738265034006195,1.4589021473343018,1.7108961624333319,1.9462045996605237,2.33412890803592,2.88875479886452,3.562527566292444,4.2658476615113665,4.810386177995756,5.244847989363822,5.8295940725296855,6.620447401560057,7.454862693762419,8.239984494781373,8.884563906960315,9.343418285158211,9.81672558589937,10.289377426586602,10.638221462537789,11.14736185828109,11.957475801974192,12.367460188301388,12.345658232376408,12.306901558558538,12.341355420521914,12.242151448593784,12.044028108836141,11.879638008882651,11.72359541687664,11.331114459305327,10.74787602069329,10.320224211934615,10.103470617437548,9.827056552639224,9.482903678394816,9.114494425702047,8.812937671866237,8.613791672161977,8.408659499161827,8.436630118969974,8.5493110982117,8.483246761919162,8.433631336706794,8.335976747496979,8.239077156049108,8.27327149587131,8.3615605044885,8.601824493898699,8.760425303990559,8.777254161528681,8.856549862116024,8.989340174593389,9.09858392926507,9.03497520592783,8.776677144008723,8.4616900092076,8.328168052693751,8.105690953821256,7.649960846390075,7.30797420189692,7.048703358893684,6.783063445054154,6.619182855707373,6.650597458576673,6.69684120003451,6.542407154578437,6.334233520429888,6.300151691909696,6.314169024748259,6.236200431871994,6.2171216149196615,6.1812225232228215,6.124671315316968,6.2533528120834445,6.438460083200593,6.473153746392265,6.458797004894605,6.589982011974757,6.838261547600949,7.016366373059486,7.318062179732408,7.752355657355333,7.886890454116142,7.816385155248416,7.912162762853904,8.117624693749393,8.349026680220277,8.616349327926274,8.838414685573158,8.987729020274621,8.829132759852754,8.490455479883794,8.627698031712464,9.057786638598795,9.191759952700801,9.090928825512481,8.863338494490225,8.513512806536022,8.274662110048528,8.235111572398774,8.217985464368475,8.19297734736461,7.9573686542388335,7.7162646477454935,7.7312886254051945,7.654760595221806,7.275949590070253,6.8561234636495145,6.648537994421503,6.369821821260169,5.940642207409738,5.504513057836922,5.068314817190049,4.734797647078772,4.541696969144449,4.384593128340372,4.162085388830778,4.015473508307644,3.9372531917380824,3.7747851592366075,3.4824696715947403,3.1321490322263257,2.919385725489939,2.830652485389683,2.745054447537727,2.6112081218676817,2.3966454382519524,2.2482610530031857,2.2451162395885005,2.1759094283778695,1.9529877247050866,1.7539477478950478,1.6932685792554778,1.6164207727107032,1.4698259125097493,1.4024774606890111,1.4187809266153073,1.3653367044189073,1.2243369479665047,1.0651631142225964,0.9981556823862525,0.9893561126832519,0.963829658090783,0.9391488827699104,0.8543791896960424,0.734308118077134,0.6591565754017622,0.6147762901946232,0.6151073801293311,0.6382761358006745,0.6143191541062477,0.5444657317843767,0.4718745212781462,0.44852550467713714,0.4632935791521707,0.44886259595116634,0.41307546677794066,0.3748481849888137,0.33512044158060333,0.27332663777523464,0.21380737176524642,0.1901112617434947,0.20881995017475186,0.24421535477554324
17_10_8074_,37335.472577695524,18165.78648531657,83584.00857355956,0.00030830211848169683,0.00315467307884473,0.014450057497971411,0.03587717175325375,0.060206220357759604,0.07893333162620232,0.08342621893202289,0.07339348351578928,0.07329488621330117,0.09017467406575204,0.10343984348932081,0.12089244491986983,0.14796696071989432,0.17774404686186743,0.21216839043813013,0.2309941466805635,0.227425338295106,0.23892643668270155,0.24390343101115683,0.20276700777178291,0.18486226636369402,0.212674378651121,0.24484361861873374,0.27740160653405854,0.3141450149943565,0.35637203025528663,0.38008809662896065,0.40877821701168354,0.4649440188386905,0.5183386603277517,0.5632839436825989,0.64269224677864,0.7269562724536179,0.7602163648279079,0.7702444372239666,0.8084577860356585,0.8518186617355894,0.8505272947134519,0.8035954929738767,0.78286172200005,0.7932217009620701,0.8043483501935302,0.8601948202305005,0.9360666783326274,0.9759471887468246,0.9826717178071607,1.018758174416974,1.1346472050066763,1.3033303368835063,1.4913780503026286,1.7005826566595565,1.9807151492691606,2.3453719238063484,2.788158661628961,3.340702232998269,4.000024233127884,4.74183548943138,5.563416358966005,6.42444808653033,7.324554875646375,8.319047183727227,9.252094321360811,9.986198702347734,10.865501613235983,12.035949832578737,13.238453467178383,14.177385579491585,14.927077513648081,15.63809432270376,16.091752841493264,16.14202366514624,15.955179310978888,15.805139579323493,15.520781553283916,14.934885258369643,13.984111524035669,13.07533674192403,12.406686358589502,11.878703040580033,11.42812064732308,10.99673122732611,10.510632549477059,9.934335559081664,9.482056573438703,9.187853107829818,8.826165428492915,8.337204708764883,8.003178834160869,7.832449189752043,7.638310003613156,7.433751499770546,7.269041920417801,7.117534693240322,7.032728141284573,6.912045482445661,6.656839134177789,6.490040129360979,6.353248840105913,6.113732043924205,5.99360048371048,6.015465976566213,5.965939601219775,5.823677721810948,5.711131137569134,5.650682249805474,5.58989955665503,5.588517536895237,5.714850604860962,5.730183630672399,5.538253034646647,5.358702927419009,5.31247053391399,5.172400671323799,4.9419692327573115,4.9238275224566195,4.980731495016645,4.9569564897455995,5.021869842734987,5.098894725254163,5.0461835968780315,5.088596494607966,5.176956593364,5.076855539769601,5.024676166154087,5.173776092007494,5.280215336224301,5.311952304951538,5.3684968139915545,5.514440392491225,5.766825875675685,5.8700256718414074,5.7240802191062565,5.572865662233355,5.618013311440978,5.90700695106026,6.255674163665449,6.485946359799205,6.678680244676818,6.873942088797138,7.070223582611692,7.255026804630599,7.32923052298803,7.359700159862943,7.539290056434428,7.716267128141643,7.7726385562624145,7.855706159788429,8.026704975051821,8.16725476027081,8.301557430232357,8.427138484957448,8.395982870391201,8.311488568440025,8.289371972266498,8.149644341919771,7.940079006471103,7.741547270013392,7.588152279199761,7.533980541254457,7.540410551404425,7.406264826739836,7.177338801292596,6.875908333188608,6.556248817585371,6.351685764900741,6.199097391911551,5.961774145749634,5.589721207919688,5.137320732463025,4.840195123234152,4.597850429046922,4.280084928036097,4.022097522716276,3.8557676172177,3.6850238413908127,3.4527115912700146,3.2385483626120575,3.068161001324673,2.9155997214132072,2.8385128850317596,2.7807723649028655,2.6492597137064626,2.4575212949614955,2.2711690299880085,2.0961041983388378,1.9360206016830852,1.8085750238337404,1.6907800291140103,1.6273919711040639,1.638961858132622,1.64171116449294,1.5798006103600684,1.4209871252172515,1.2775435800477777,1.284821896735182,1.3156417842340116,1.2579631343992597,1.1942921290867548,1.1253466566561119,1.0354666999857844
17_10_8076_,5299.5507573193645,23253.82908453484,65568.93525088899,1.0048901114154252,6.1947178544598485,15.793664545408065,20.011791858715934,18.90835897042201,18.669487427462638,18.383968070431756,17.87062524093144,18.34755130989273,19.848182215870825,21.420490154969603,21.638993575127348,19.873426071437166,17.480992500811414,15.055543868388467,12.623664172681847,10.594886427034046,9.336545743855307,8.556274337528654,7.678588350008781,6.895712583646824,6.467817909139212,5.954569477921869,5.141861290088055,4.430215918783153,4.146889807204105,4.178791978625028,4.141673180764066,3.9005447680204246,3.528041290502281,3.2584638760456857,3.0232614495474635,2.6993869436107243,2.3019489562922293,2.094678138881495,2.1800594066415746,2.489794706216333,2.75650925518457,2.937429182720971,2.9842773472130357,2.945534759606769,3.1069727547778956,3.404758683368608,3.619199080386787,4.049254314213521,4.721512302130746,5.240609925760823,5.576457682232384,5.837546433237217,6.223732960025751,6.716017482083954,7.244299411841759,7.836107515763008,8.342929272574068,8.169906564932065,7.984931646473141,8.389424839043885,8.959115996299799,9.560555949952318,10.034483633135146,10.33885257942786,10.918263473823448,11.832398445510675,12.503472676735319,12.677660026347912,12.795239624931757,12.78333162609494,12.549706090426472,12.389750842982192,12.102762786008805,11.811103600739152,11.768525941113575,11.632553608382633,11.411093963435992,11.091829451914922,10.43523431360048,9.962979329294074,9.896754937196746,9.72273035299016,9.248202077468003,8.564686184832903,8.117468121648965,7.810060899752248,7.397244763649464,7.174706178322321,7.15220369009829,6.991381399209049,6.782838825147582,6.5996778861178695,6.217679246766883,5.840030426221626,5.681234047345818,5.602380140106421,5.442440510006469,5.269871437838237,5.1120584608066295,4.806293076079716,4.552609739897376,4.438473610597866,4.348494188444759,4.369627760584566,4.398199622026885,4.20303698573697,3.9636223339622974,3.7963608161080233,3.6623603675489123,3.5133441628025666,3.3271422880965926,3.2259843884315864,3.124767254933335,3.0257682656578706,3.0455347364322574,2.964342907269763,2.7384858056135317,2.5381909670913543,2.424647929492556,2.3885854631509047,2.4290523649103575,2.4934983301820703,2.578337200060699,2.5531739453869724,2.483352217539766,2.346118298669277,2.0968825825440507,1.9343350421365795,2.0273642662643137,2.2136873374611317,2.378089119922901,2.579786888284151,2.527317091909179,2.312661432462511,2.2467058409206566,2.3394534478284195,2.51314769794881,2.559661282083408,2.315403555784518,2.089122191065553,1.9997086837133642,1.9666629552056822,1.9707660703627026,1.8927289205833107,1.8076649380179508,1.8316434401653738,1.7416694181157268,1.6102607328725334,1.6070613399007778,1.577216011833017,1.4313523637952181,1.2133736308832368,1.0057410682765313,0.8611633499553828,0.8920690883569691,1.0438013065158216,1.0604212388876804,0.9398365073820776,0.8242500385186281,0.7188934701603257,0.6730461128223684,0.6835571441696273,0.7009025480891566,0.6484453135039051,0.5422319808766412,0.48522631865508353,0.4896078933878197,0.46579926104151037,0.45913576836143216,0.5343621519344871,0.5957290396452982,0.5398018497600687,0.45589443462512164,0.39516543437537177,0.35284969945459654,0.31120355607850303,0.24013490586659417,0.20434163076602307,0.22153557808711855,0.21454745003849246,0.22062156949601222,0.290674605787539,0.36228844704742613,0.3904508159829406,0.3516596130233491,0.2666540877161949,0.2123019824136767,0.20229960884655654,0.18642327021133323,0.20062112949412167,0.2504572716309977,0.24919368041192005,0.18504430544572775,0.13647556971435998,0.12018180013919443,0.1046759396180766,0.11174247171755118,0.1286710283279067,0.12053996324843941,0.11205548671603655,0.11682995518290752,0.11162042094487334,0.08936208047791737
